-- MySQL dump 10.13  Distrib 8.0.19, for Win64 (x86_64)
--
-- Host: localhost    Database: dat_xe_ve_que
-- ------------------------------------------------------
-- Server version	5.5.5-10.4.32-MariaDB

/*!40101 SET @OLD_CHARACTER_SET_CLIENT=@@CHARACTER_SET_CLIENT */;
/*!40101 SET @OLD_CHARACTER_SET_RESULTS=@@CHARACTER_SET_RESULTS */;
/*!40101 SET @OLD_COLLATION_CONNECTION=@@COLLATION_CONNECTION */;
/*!50503 SET NAMES utf8mb4 */;
/*!40103 SET @OLD_TIME_ZONE=@@TIME_ZONE */;
/*!40103 SET TIME_ZONE='+00:00' */;
/*!40014 SET @OLD_UNIQUE_CHECKS=@@UNIQUE_CHECKS, UNIQUE_CHECKS=0 */;
/*!40014 SET @OLD_FOREIGN_KEY_CHECKS=@@FOREIGN_KEY_CHECKS, FOREIGN_KEY_CHECKS=0 */;
/*!40101 SET @OLD_SQL_MODE=@@SQL_MODE, SQL_MODE='NO_AUTO_VALUE_ON_ZERO' */;
/*!40111 SET @OLD_SQL_NOTES=@@SQL_NOTES, SQL_NOTES=0 */;

--
-- Table structure for table `bookings`
--

DROP TABLE IF EXISTS `bookings`;
/*!40101 SET @saved_cs_client     = @@character_set_client */;
/*!50503 SET character_set_client = utf8mb4 */;
CREATE TABLE `bookings` (
  `id` int(11) NOT NULL AUTO_INCREMENT,
  `code` varchar(50) NOT NULL,
  `customer_id` int(11) DEFAULT NULL,
  `customer_name` varchar(255) NOT NULL,
  `customer_phone` varchar(50) NOT NULL,
  `type` enum('SHARED_RIDE','PRIVATE_RIDE','CARGO','MARKET','CONTRACT','WEDDING','TOUR','HOSPITAL','AIRPORT') NOT NULL,
  `route_id` int(11) DEFAULT NULL,
  `direction` varchar(255) DEFAULT NULL,
  `pickup_address` varchar(500) DEFAULT NULL,
  `dropoff_address` varchar(500) DEFAULT NULL,
  `scheduled_at` datetime DEFAULT NULL,
  `passenger_count` int(11) DEFAULT 1,
  `vehicle_type` varchar(100) DEFAULT NULL,
  `cargo_description` text DEFAULT NULL,
  `market_description` text DEFAULT NULL,
  `note` text DEFAULT NULL,
  `status` enum('NEW','CONTACTED','QUOTED','WAITING_DEPOSIT','DEPOSITED','WAITING_DISPATCH','ASSIGNED','DRIVER_ACCEPTED','IN_PROGRESS','COMPLETED','CANCELLED','NO_SHOW') DEFAULT 'NEW',
  `estimated_total` decimal(12,2) DEFAULT 0.00,
  `final_total` decimal(12,2) DEFAULT 0.00,
  `commission_amount` decimal(12,2) DEFAULT 0.00,
  `pricing_snapshot_json` longtext DEFAULT NULL,
  `payment_receiver` varchar(50) DEFAULT 'DRIVER',
  `source` varchar(50) DEFAULT 'WEBSITE',
  `created_at` datetime DEFAULT current_timestamp(),
  `updated_at` datetime DEFAULT current_timestamp() ON UPDATE current_timestamp(),
  PRIMARY KEY (`id`),
  UNIQUE KEY `code` (`code`),
  KEY `customer_id` (`customer_id`),
  KEY `route_id` (`route_id`),
  CONSTRAINT `bookings_ibfk_1` FOREIGN KEY (`customer_id`) REFERENCES `customers` (`id`),
  CONSTRAINT `bookings_ibfk_2` FOREIGN KEY (`route_id`) REFERENCES `routes` (`id`)
) ENGINE=InnoDB AUTO_INCREMENT=302 DEFAULT CHARSET=utf8mb4 COLLATE=utf8mb4_unicode_ci;
/*!40101 SET character_set_client = @saved_cs_client */;

--
-- Dumping data for table `bookings`
--

LOCK TABLES `bookings` WRITE;
/*!40000 ALTER TABLE `bookings` DISABLE KEYS */;
INSERT INTO `bookings` VALUES (2,'DX-260525-VBKV',NULL,'Cô Hùng','0910000103','SHARED_RIDE',3,'Sài Gòn → Tánh Linh','Tân Bình, TP.HCM','Đồi 61','2026-05-28 04:45:00',3,NULL,NULL,NULL,NULL,'WAITING_DISPATCH',840000.00,840000.00,105000.00,'{\"at\":\"SEED\",\"type\":\"SHARED_RIDE\",\"routeId\":3,\"passengerCount\":3,\"total\":840000,\"commission\":105000}','DRIVER','WEBSITE','2026-05-25 04:59:59','2026-05-25 04:59:59'),(3,'DX-260525-Y7CH',NULL,'Chị Mai','0910000064','SHARED_RIDE',3,'Sài Gòn → Tánh Linh','An Lạc, TP.HCM','Võ Xu','2026-06-04 00:15:00',3,NULL,NULL,NULL,NULL,'WAITING_DISPATCH',840000.00,840000.00,105000.00,'{\"at\":\"SEED\",\"type\":\"SHARED_RIDE\",\"routeId\":3,\"passengerCount\":3,\"total\":840000,\"commission\":105000}','DRIVER','WEBSITE','2026-05-25 04:59:59','2026-05-25 04:59:59'),(4,'DX-260525-EMLC',NULL,'Cô Nam','0910000234','CARGO',3,'Sài Gòn → Tánh Linh','Quận 12, TP.HCM','Đồi 61','2026-05-29 12:15:00',1,NULL,NULL,NULL,NULL,'CONTACTED',245000.00,245000.00,20000.00,'{\"at\":\"SEED\",\"type\":\"CARGO\",\"routeId\":3,\"passengerCount\":1,\"total\":245000,\"commission\":20000}','DRIVER','WEBSITE','2026-05-25 04:59:59','2026-05-25 04:59:59'),(5,'DX-260525-XTJT',NULL,'Chị Tuấn','0910000264','SHARED_RIDE',4,'Tánh Linh → Sài Gòn','Đức Linh','Bình Tân, TP.HCM','2026-05-31 07:15:00',4,NULL,NULL,NULL,NULL,'WAITING_DISPATCH',1120000.00,1120000.00,140000.00,'{\"at\":\"SEED\",\"type\":\"SHARED_RIDE\",\"routeId\":4,\"passengerCount\":4,\"total\":1120000,\"commission\":140000}','DRIVER','WEBSITE','2026-05-25 04:59:59','2026-05-25 04:59:59'),(6,'DX-260525-QHMA',NULL,'Bà Nam','0910000868','CARGO',2,'Đức Linh → Sài Gòn','Mỹ Thanh','An Lạc, TP.HCM','2026-06-01 11:15:00',1,NULL,NULL,NULL,NULL,'NEW',145000.00,145000.00,20000.00,'{\"at\":\"SEED\",\"type\":\"CARGO\",\"routeId\":2,\"passengerCount\":1,\"total\":145000,\"commission\":20000}','DRIVER','WEBSITE','2026-05-25 04:59:59','2026-05-25 04:59:59'),(7,'DX-260525-CM4F',NULL,'Anh Mai','0910000871','SHARED_RIDE',2,'Đức Linh → Sài Gòn','Đức Linh','Bình Thạnh, TP.HCM','2026-05-29 09:30:00',1,NULL,NULL,NULL,NULL,'NEW',250000.00,250000.00,30000.00,'{\"at\":\"SEED\",\"type\":\"SHARED_RIDE\",\"routeId\":2,\"passengerCount\":1,\"total\":250000,\"commission\":30000}','ADMIN','WEBSITE','2026-05-25 04:59:59','2026-05-25 04:59:59'),(8,'DX-260525-DWUB',NULL,'Cô Linh','0910000625','SHARED_RIDE',4,'Tánh Linh → Sài Gòn','Mỹ Thanh','Bình Tân, TP.HCM','2026-05-25 05:30:00',1,NULL,NULL,NULL,NULL,'WAITING_DISPATCH',280000.00,280000.00,35000.00,'{\"at\":\"SEED\",\"type\":\"SHARED_RIDE\",\"routeId\":4,\"passengerCount\":1,\"total\":280000,\"commission\":35000}','DRIVER','WEBSITE','2026-05-25 04:59:59','2026-05-25 04:59:59'),(9,'DX-260525-H8NH',NULL,'Chị Tuấn','0910000048','SHARED_RIDE',3,'Sài Gòn → Tánh Linh','Bình Thạnh, TP.HCM','Mỹ Thanh','2026-05-24 23:45:00',2,NULL,NULL,NULL,NULL,'NEW',560000.00,560000.00,70000.00,'{\"at\":\"SEED\",\"type\":\"SHARED_RIDE\",\"routeId\":3,\"passengerCount\":2,\"total\":560000,\"commission\":70000}','DRIVER','WEBSITE','2026-05-25 04:59:59','2026-05-25 04:59:59'),(10,'DX-260525-H9LF',NULL,'Em Phúc','0910000913','SHARED_RIDE',1,'Sài Gòn → Đức Linh','Thủ Đức, TP.HCM','Võ Xu','2026-06-02 03:30:00',3,NULL,NULL,NULL,NULL,'WAITING_DISPATCH',750000.00,750000.00,90000.00,'{\"at\":\"SEED\",\"type\":\"SHARED_RIDE\",\"routeId\":1,\"passengerCount\":3,\"total\":750000,\"commission\":90000}','DRIVER','WEBSITE','2026-05-25 04:59:59','2026-05-25 04:59:59'),(11,'DX-260525-A92A',NULL,'Anh Phúc','0910000718','SHARED_RIDE',3,'Sài Gòn → Tánh Linh','Quận 12, TP.HCM','Mỹ Thanh','2026-05-30 02:30:00',3,NULL,NULL,NULL,NULL,'NEW',840000.00,840000.00,105000.00,'{\"at\":\"SEED\",\"type\":\"SHARED_RIDE\",\"routeId\":3,\"passengerCount\":3,\"total\":840000,\"commission\":105000}','DRIVER','WEBSITE','2026-05-25 04:59:59','2026-05-25 04:59:59'),(12,'DX-260525-89TB',NULL,'Em Hùng','0910000452','SHARED_RIDE',2,'Đức Linh → Sài Gòn','Mỹ Thanh','Gò Vấp, TP.HCM','2026-05-28 02:45:00',1,NULL,NULL,NULL,NULL,'CONTACTED',250000.00,250000.00,30000.00,'{\"at\":\"SEED\",\"type\":\"SHARED_RIDE\",\"routeId\":2,\"passengerCount\":1,\"total\":250000,\"commission\":30000}','DRIVER','WEBSITE','2026-05-25 04:59:59','2026-05-25 04:59:59'),(13,'DX-260525-Q5VS',NULL,'Bà Hùng','0910000773','SHARED_RIDE',2,'Đức Linh → Sài Gòn','Lạc Tánh','Thủ Đức, TP.HCM','2026-05-27 05:45:00',2,NULL,NULL,NULL,NULL,'WAITING_DISPATCH',500000.00,500000.00,60000.00,'{\"at\":\"SEED\",\"type\":\"SHARED_RIDE\",\"routeId\":2,\"passengerCount\":2,\"total\":500000,\"commission\":60000}','DRIVER','WEBSITE','2026-05-25 04:59:59','2026-05-25 04:59:59'),(14,'DX-260525-9RF3',NULL,'Anh Nam','0910001009','SHARED_RIDE',2,'Đức Linh → Sài Gòn','Mỹ Thanh','Gò Vấp, TP.HCM','2026-05-28 10:00:00',1,NULL,NULL,NULL,NULL,'WAITING_DISPATCH',250000.00,250000.00,30000.00,'{\"at\":\"SEED\",\"type\":\"SHARED_RIDE\",\"routeId\":2,\"passengerCount\":1,\"total\":250000,\"commission\":30000}','DRIVER','WEBSITE','2026-05-25 04:59:59','2026-05-25 04:59:59'),(15,'DX-260525-LD8E',NULL,'Bà Lan','0910000119','SHARED_RIDE',3,'Sài Gòn → Tánh Linh','Thủ Đức, TP.HCM','Lạc Tánh','2026-05-29 13:00:00',2,NULL,NULL,NULL,NULL,'QUOTED',560000.00,560000.00,70000.00,'{\"at\":\"SEED\",\"type\":\"SHARED_RIDE\",\"routeId\":3,\"passengerCount\":2,\"total\":560000,\"commission\":70000}','DRIVER','WEBSITE','2026-05-25 04:59:59','2026-05-25 04:59:59'),(16,'DX-260525-7MYN',NULL,'Em Hoa','0910000252','SHARED_RIDE',4,'Tánh Linh → Sài Gòn','Đồi 61','An Lạc, TP.HCM','2026-06-01 02:00:00',3,NULL,NULL,NULL,NULL,'NEW',840000.00,840000.00,105000.00,'{\"at\":\"SEED\",\"type\":\"SHARED_RIDE\",\"routeId\":4,\"passengerCount\":3,\"total\":840000,\"commission\":105000}','ADMIN','WEBSITE','2026-05-25 04:59:59','2026-05-25 04:59:59'),(17,'DX-260525-6Y25',NULL,'Chú Phúc','0910000435','PRIVATE_RIDE',3,'Sài Gòn → Tánh Linh','An Lạc, TP.HCM','Đồi 61','2026-05-30 12:45:00',1,NULL,NULL,NULL,NULL,'WAITING_DISPATCH',1200000.00,1200000.00,150000.00,'{\"at\":\"SEED\",\"type\":\"PRIVATE_RIDE\",\"routeId\":3,\"passengerCount\":1,\"total\":1200000,\"commission\":150000}','ADMIN','WEBSITE','2026-05-25 04:59:59','2026-05-25 04:59:59'),(18,'DX-260525-AFXP',NULL,'Em Trang','0910000093','CARGO',2,'Đức Linh → Sài Gòn','Mỹ Thanh','An Lạc, TP.HCM','2026-05-27 04:15:00',1,NULL,NULL,NULL,NULL,'WAITING_DISPATCH',280000.00,280000.00,20000.00,'{\"at\":\"SEED\",\"type\":\"CARGO\",\"routeId\":2,\"passengerCount\":1,\"total\":280000,\"commission\":20000}','DRIVER','WEBSITE','2026-05-25 04:59:59','2026-05-25 04:59:59'),(19,'DX-260525-RVUN',NULL,'Chị Hoa','0910000797','PRIVATE_RIDE',3,'Sài Gòn → Tánh Linh','Bình Tân, TP.HCM','Lạc Tánh','2026-06-05 22:00:00',1,NULL,NULL,NULL,NULL,'QUOTED',1200000.00,1200000.00,150000.00,'{\"at\":\"SEED\",\"type\":\"PRIVATE_RIDE\",\"routeId\":3,\"passengerCount\":1,\"total\":1200000,\"commission\":150000}','DRIVER','WEBSITE','2026-05-25 04:59:59','2026-05-25 04:59:59'),(20,'DX-260525-AABF',NULL,'Em Hoa','0910000307','PRIVATE_RIDE',3,'Sài Gòn → Tánh Linh','Tân Bình, TP.HCM','Võ Xu','2026-06-03 10:15:00',1,NULL,NULL,NULL,NULL,'NEW',1200000.00,1200000.00,150000.00,'{\"at\":\"SEED\",\"type\":\"PRIVATE_RIDE\",\"routeId\":3,\"passengerCount\":1,\"total\":1200000,\"commission\":150000}','DRIVER','WEBSITE','2026-05-25 04:59:59','2026-05-25 04:59:59'),(21,'DX-260525-TMPS',NULL,'Em Hùng','0910001006','SHARED_RIDE',1,'Sài Gòn → Đức Linh','Gò Vấp, TP.HCM','Võ Xu','2026-06-03 03:30:00',4,NULL,NULL,NULL,NULL,'WAITING_DISPATCH',1000000.00,1000000.00,120000.00,'{\"at\":\"SEED\",\"type\":\"SHARED_RIDE\",\"routeId\":1,\"passengerCount\":4,\"total\":1000000,\"commission\":120000}','DRIVER','WEBSITE','2026-05-25 04:59:59','2026-05-25 04:59:59'),(22,'DX-260525-M9TB',NULL,'Chú Mai','0910000941','MARKET',4,'Tánh Linh → Sài Gòn','Nghĩa Chánh','Thủ Đức, TP.HCM','2026-05-27 02:45:00',1,NULL,NULL,NULL,NULL,'NEW',90051.00,90051.00,20000.00,'{\"at\":\"SEED\",\"type\":\"MARKET\",\"routeId\":4,\"passengerCount\":1,\"total\":90051,\"commission\":20000}','DRIVER','WEBSITE','2026-05-25 04:59:59','2026-05-25 04:59:59'),(23,'DX-260525-36P4',NULL,'Cô Mai','0910000691','SHARED_RIDE',4,'Tánh Linh → Sài Gòn','Đồi 61','Gò Vấp, TP.HCM','2026-06-05 07:15:00',3,NULL,NULL,NULL,NULL,'CONTACTED',840000.00,840000.00,105000.00,'{\"at\":\"SEED\",\"type\":\"SHARED_RIDE\",\"routeId\":4,\"passengerCount\":3,\"total\":840000,\"commission\":105000}','ADMIN','WEBSITE','2026-05-25 04:59:59','2026-05-25 04:59:59'),(24,'DX-260525-MDK3',NULL,'Anh Nam','0910000878','SHARED_RIDE',2,'Đức Linh → Sài Gòn','Mỹ Thanh','Tân Bình, TP.HCM','2026-06-02 23:15:00',2,NULL,NULL,NULL,NULL,'CONTACTED',500000.00,500000.00,60000.00,'{\"at\":\"SEED\",\"type\":\"SHARED_RIDE\",\"routeId\":2,\"passengerCount\":2,\"total\":500000,\"commission\":60000}','DRIVER','WEBSITE','2026-05-25 04:59:59','2026-05-25 04:59:59'),(25,'DX-260525-KQ67',NULL,'Bà Nam','0910000304','SHARED_RIDE',1,'Sài Gòn → Đức Linh','An Lạc, TP.HCM','Võ Xu','2026-05-28 01:00:00',4,NULL,NULL,NULL,NULL,'NEW',1000000.00,1000000.00,120000.00,'{\"at\":\"SEED\",\"type\":\"SHARED_RIDE\",\"routeId\":1,\"passengerCount\":4,\"total\":1000000,\"commission\":120000}','DRIVER','WEBSITE','2026-05-25 04:59:59','2026-05-25 04:59:59'),(26,'DX-260525-LESM',NULL,'Cô Nam','0910000380','PRIVATE_RIDE',2,'Đức Linh → Sài Gòn','Lạc Tánh','Bình Thạnh, TP.HCM','2026-06-01 03:15:00',1,NULL,NULL,NULL,NULL,'WAITING_DISPATCH',1200000.00,1200000.00,150000.00,'{\"at\":\"SEED\",\"type\":\"PRIVATE_RIDE\",\"routeId\":2,\"passengerCount\":1,\"total\":1200000,\"commission\":150000}','ADMIN','WEBSITE','2026-05-25 04:59:59','2026-05-25 04:59:59'),(27,'DX-260525-XYPA',NULL,'Cô Tuấn','0910000790','SHARED_RIDE',4,'Tánh Linh → Sài Gòn','Võ Xu','Tân Bình, TP.HCM','2026-06-01 10:15:00',3,NULL,NULL,NULL,NULL,'NEW',840000.00,840000.00,105000.00,'{\"at\":\"SEED\",\"type\":\"SHARED_RIDE\",\"routeId\":4,\"passengerCount\":3,\"total\":840000,\"commission\":105000}','ADMIN','WEBSITE','2026-05-25 04:59:59','2026-05-25 04:59:59'),(28,'DX-260525-EV76',NULL,'Chị Trang','0910000573','PRIVATE_RIDE',1,'Sài Gòn → Đức Linh','Bình Thạnh, TP.HCM','Đồi 61','2026-06-02 23:00:00',1,NULL,NULL,NULL,NULL,'QUOTED',1200000.00,1200000.00,150000.00,'{\"at\":\"SEED\",\"type\":\"PRIVATE_RIDE\",\"routeId\":1,\"passengerCount\":1,\"total\":1200000,\"commission\":150000}','DRIVER','WEBSITE','2026-05-25 04:59:59','2026-05-25 04:59:59'),(29,'DX-260525-3YCH',NULL,'Chú Mai','0910000097','MARKET',3,'Sài Gòn → Tánh Linh','Tân Bình, TP.HCM','Lạc Tánh','2026-05-29 23:15:00',1,NULL,NULL,NULL,NULL,'WAITING_DISPATCH',69678.00,69678.00,20000.00,'{\"at\":\"SEED\",\"type\":\"MARKET\",\"routeId\":3,\"passengerCount\":1,\"total\":69678,\"commission\":20000}','DRIVER','WEBSITE','2026-05-25 04:59:59','2026-05-25 04:59:59'),(30,'DX-260525-5RMT',NULL,'Chú Hoa','0910000531','SHARED_RIDE',2,'Đức Linh → Sài Gòn','Nghĩa Chánh','Bình Thạnh, TP.HCM','2026-06-07 05:00:00',2,NULL,NULL,NULL,NULL,'WAITING_DISPATCH',500000.00,500000.00,60000.00,'{\"at\":\"SEED\",\"type\":\"SHARED_RIDE\",\"routeId\":2,\"passengerCount\":2,\"total\":500000,\"commission\":60000}','DRIVER','WEBSITE','2026-05-25 04:59:59','2026-05-25 04:59:59'),(31,'DX-260525-8P8R',NULL,'Chị Hùng','0910000668','SHARED_RIDE',3,'Sài Gòn → Tánh Linh','Bình Thạnh, TP.HCM','Nghĩa Chánh','2026-05-31 05:45:00',4,NULL,NULL,NULL,NULL,'CONTACTED',1120000.00,1120000.00,140000.00,'{\"at\":\"SEED\",\"type\":\"SHARED_RIDE\",\"routeId\":3,\"passengerCount\":4,\"total\":1120000,\"commission\":140000}','DRIVER','WEBSITE','2026-05-25 04:59:59','2026-05-25 04:59:59'),(32,'DX-260525-34Y6',NULL,'Chị Trang','0910000831','SHARED_RIDE',4,'Tánh Linh → Sài Gòn','Đồi 61','Bình Thạnh, TP.HCM','2026-06-08 11:45:00',1,NULL,NULL,NULL,NULL,'WAITING_DISPATCH',280000.00,280000.00,35000.00,'{\"at\":\"SEED\",\"type\":\"SHARED_RIDE\",\"routeId\":4,\"passengerCount\":1,\"total\":280000,\"commission\":35000}','ADMIN','WEBSITE','2026-05-25 04:59:59','2026-05-25 04:59:59'),(33,'DX-260525-3NPC',NULL,'Anh Hùng','0910000109','SHARED_RIDE',3,'Sài Gòn → Tánh Linh','Tân Bình, TP.HCM','Đức Linh','2026-05-29 01:15:00',1,NULL,NULL,NULL,NULL,'WAITING_DISPATCH',280000.00,280000.00,35000.00,'{\"at\":\"SEED\",\"type\":\"SHARED_RIDE\",\"routeId\":3,\"passengerCount\":1,\"total\":280000,\"commission\":35000}','ADMIN','WEBSITE','2026-05-25 04:59:59','2026-05-25 04:59:59'),(34,'DX-260525-G4XW',NULL,'Em Mai','0910000867','MARKET',2,'Đức Linh → Sài Gòn','Mỹ Thanh','Bình Tân, TP.HCM','2026-06-06 12:30:00',1,NULL,NULL,NULL,NULL,'WAITING_DISPATCH',136544.00,136544.00,20000.00,'{\"at\":\"SEED\",\"type\":\"MARKET\",\"routeId\":2,\"passengerCount\":1,\"total\":136544,\"commission\":20000}','DRIVER','WEBSITE','2026-05-25 04:59:59','2026-05-25 04:59:59'),(35,'DX-260525-FG98',NULL,'Chú Đức','0910000463','SHARED_RIDE',3,'Sài Gòn → Tánh Linh','Bình Tân, TP.HCM','Lạc Tánh','2026-05-26 03:00:00',3,NULL,NULL,NULL,NULL,'WAITING_DISPATCH',840000.00,840000.00,105000.00,'{\"at\":\"SEED\",\"type\":\"SHARED_RIDE\",\"routeId\":3,\"passengerCount\":3,\"total\":840000,\"commission\":105000}','DRIVER','WEBSITE','2026-05-25 04:59:59','2026-05-25 04:59:59'),(36,'DX-260525-L56T',NULL,'Chị Nam','0910000277','SHARED_RIDE',1,'Sài Gòn → Đức Linh','Gò Vấp, TP.HCM','Mỹ Thanh','2026-06-03 08:15:00',1,NULL,NULL,NULL,NULL,'WAITING_DISPATCH',250000.00,250000.00,30000.00,'{\"at\":\"SEED\",\"type\":\"SHARED_RIDE\",\"routeId\":1,\"passengerCount\":1,\"total\":250000,\"commission\":30000}','DRIVER','WEBSITE','2026-05-25 04:59:59','2026-05-25 04:59:59'),(37,'DX-260525-Y6ML',NULL,'Bà Đức','0910000871','SHARED_RIDE',4,'Tánh Linh → Sài Gòn','Mỹ Thanh','Thủ Đức, TP.HCM','2026-05-30 00:00:00',4,NULL,NULL,NULL,NULL,'WAITING_DISPATCH',1120000.00,1120000.00,140000.00,'{\"at\":\"SEED\",\"type\":\"SHARED_RIDE\",\"routeId\":4,\"passengerCount\":4,\"total\":1120000,\"commission\":140000}','DRIVER','WEBSITE','2026-05-25 04:59:59','2026-05-25 04:59:59'),(38,'DX-260525-LLDR',NULL,'Chị Phúc','0910000450','SHARED_RIDE',4,'Tánh Linh → Sài Gòn','Đức Linh','Bình Tân, TP.HCM','2026-06-07 05:00:00',4,NULL,NULL,NULL,NULL,'WAITING_DISPATCH',1120000.00,1120000.00,140000.00,'{\"at\":\"SEED\",\"type\":\"SHARED_RIDE\",\"routeId\":4,\"passengerCount\":4,\"total\":1120000,\"commission\":140000}','DRIVER','WEBSITE','2026-05-25 04:59:59','2026-05-25 04:59:59'),(39,'DX-260525-QZUA',NULL,'Chú Trang','0910000346','MARKET',2,'Đức Linh → Sài Gòn','Lạc Tánh','Gò Vấp, TP.HCM','2026-06-06 08:00:00',1,NULL,NULL,NULL,NULL,'COMPLETED',119745.00,119745.00,20000.00,'{\"at\":\"SEED\",\"type\":\"MARKET\",\"routeId\":2,\"passengerCount\":1,\"total\":119745,\"commission\":20000}','ADMIN','WEBSITE','2026-05-25 04:59:59','2026-05-25 04:59:59'),(40,'DX-260525-583E',NULL,'Chú Lan','0910000297','PRIVATE_RIDE',4,'Tánh Linh → Sài Gòn','Lạc Tánh','Gò Vấp, TP.HCM','2026-05-29 01:00:00',1,NULL,NULL,NULL,NULL,'WAITING_DISPATCH',1200000.00,1200000.00,150000.00,'{\"at\":\"SEED\",\"type\":\"PRIVATE_RIDE\",\"routeId\":4,\"passengerCount\":1,\"total\":1200000,\"commission\":150000}','DRIVER','WEBSITE','2026-05-25 04:59:59','2026-05-25 04:59:59'),(41,'DX-260525-3QJJ',NULL,'Bà Đức','0910000835','CARGO',3,'Sài Gòn → Tánh Linh','Bình Thạnh, TP.HCM','Mỹ Thanh','2026-05-25 06:15:00',1,NULL,NULL,NULL,NULL,'WAITING_DISPATCH',115000.00,115000.00,20000.00,'{\"at\":\"SEED\",\"type\":\"CARGO\",\"routeId\":3,\"passengerCount\":1,\"total\":115000,\"commission\":20000}','DRIVER','WEBSITE','2026-05-25 04:59:59','2026-05-25 04:59:59'),(42,'DX-260525-DVWM',NULL,'Bà Nam','0910000083','SHARED_RIDE',2,'Đức Linh → Sài Gòn','Đức Linh','Bình Thạnh, TP.HCM','2026-05-30 12:15:00',3,NULL,NULL,NULL,NULL,'WAITING_DISPATCH',750000.00,750000.00,90000.00,'{\"at\":\"SEED\",\"type\":\"SHARED_RIDE\",\"routeId\":2,\"passengerCount\":3,\"total\":750000,\"commission\":90000}','DRIVER','WEBSITE','2026-05-25 04:59:59','2026-05-25 04:59:59'),(43,'DX-260525-QDQW',NULL,'Anh Tuấn','0910000042','SHARED_RIDE',1,'Sài Gòn → Đức Linh','Bình Thạnh, TP.HCM','Võ Xu','2026-06-04 06:15:00',2,NULL,NULL,NULL,NULL,'CONTACTED',500000.00,500000.00,60000.00,'{\"at\":\"SEED\",\"type\":\"SHARED_RIDE\",\"routeId\":1,\"passengerCount\":2,\"total\":500000,\"commission\":60000}','DRIVER','WEBSITE','2026-05-25 04:59:59','2026-05-25 04:59:59'),(44,'DX-260525-PBHB',NULL,'Anh Tuấn','0910000666','SHARED_RIDE',4,'Tánh Linh → Sài Gòn','Lạc Tánh','Bình Tân, TP.HCM','2026-05-25 22:30:00',2,NULL,NULL,NULL,NULL,'WAITING_DISPATCH',560000.00,560000.00,70000.00,'{\"at\":\"SEED\",\"type\":\"SHARED_RIDE\",\"routeId\":4,\"passengerCount\":2,\"total\":560000,\"commission\":70000}','DRIVER','WEBSITE','2026-05-25 04:59:59','2026-05-25 04:59:59'),(45,'DX-260525-4P7N',NULL,'Chị Lan','0910000859','SHARED_RIDE',2,'Đức Linh → Sài Gòn','Võ Xu','An Lạc, TP.HCM','2026-05-28 08:00:00',4,NULL,NULL,NULL,NULL,'WAITING_DISPATCH',1000000.00,1000000.00,120000.00,'{\"at\":\"SEED\",\"type\":\"SHARED_RIDE\",\"routeId\":2,\"passengerCount\":4,\"total\":1000000,\"commission\":120000}','DRIVER','WEBSITE','2026-05-25 04:59:59','2026-05-25 04:59:59'),(46,'DX-260525-8CV9',NULL,'Cô Đức','0910000392','SHARED_RIDE',1,'Sài Gòn → Đức Linh','Quận 12, TP.HCM','Đồi 61','2026-06-05 10:45:00',4,NULL,NULL,NULL,NULL,'WAITING_DISPATCH',1000000.00,1000000.00,120000.00,'{\"at\":\"SEED\",\"type\":\"SHARED_RIDE\",\"routeId\":1,\"passengerCount\":4,\"total\":1000000,\"commission\":120000}','DRIVER','WEBSITE','2026-05-25 04:59:59','2026-05-25 04:59:59'),(47,'DX-260525-932B',NULL,'Bà Linh','0910000145','SHARED_RIDE',2,'Đức Linh → Sài Gòn','Lạc Tánh','Quận 12, TP.HCM','2026-06-05 23:00:00',3,NULL,NULL,NULL,NULL,'WAITING_DISPATCH',750000.00,750000.00,90000.00,'{\"at\":\"SEED\",\"type\":\"SHARED_RIDE\",\"routeId\":2,\"passengerCount\":3,\"total\":750000,\"commission\":90000}','DRIVER','WEBSITE','2026-05-25 04:59:59','2026-05-25 04:59:59'),(48,'DX-260525-FFQY',NULL,'Chị Linh','0910000395','SHARED_RIDE',4,'Tánh Linh → Sài Gòn','Võ Xu','Bình Tân, TP.HCM','2026-05-25 09:30:00',1,NULL,NULL,NULL,NULL,'WAITING_DISPATCH',280000.00,280000.00,35000.00,'{\"at\":\"SEED\",\"type\":\"SHARED_RIDE\",\"routeId\":4,\"passengerCount\":1,\"total\":280000,\"commission\":35000}','DRIVER','WEBSITE','2026-05-25 04:59:59','2026-05-25 04:59:59'),(49,'DX-260525-ZQQU',NULL,'Anh Nam','0910000539','MARKET',1,'Sài Gòn → Đức Linh','Bình Tân, TP.HCM','Đồi 61','2026-05-26 13:45:00',1,NULL,NULL,NULL,NULL,'WAITING_DISPATCH',116410.00,116410.00,20000.00,'{\"at\":\"SEED\",\"type\":\"MARKET\",\"routeId\":1,\"passengerCount\":1,\"total\":116410,\"commission\":20000}','DRIVER','WEBSITE','2026-05-25 04:59:59','2026-05-25 04:59:59'),(50,'DX-260525-QSD3',NULL,'Anh Tuấn','0910000486','SHARED_RIDE',4,'Tánh Linh → Sài Gòn','Lạc Tánh','An Lạc, TP.HCM','2026-05-30 06:00:00',1,NULL,NULL,NULL,NULL,'QUOTED',280000.00,280000.00,35000.00,'{\"at\":\"SEED\",\"type\":\"SHARED_RIDE\",\"routeId\":4,\"passengerCount\":1,\"total\":280000,\"commission\":35000}','DRIVER','WEBSITE','2026-05-25 04:59:59','2026-05-25 04:59:59'),(51,'DX-260525-NYJS',NULL,'Chị Mai','0910000629','SHARED_RIDE',2,'Đức Linh → Sài Gòn','Đức Linh','Tân Bình, TP.HCM','2026-05-27 12:45:00',1,NULL,NULL,NULL,NULL,'WAITING_DISPATCH',250000.00,250000.00,30000.00,'{\"at\":\"SEED\",\"type\":\"SHARED_RIDE\",\"routeId\":2,\"passengerCount\":1,\"total\":250000,\"commission\":30000}','DRIVER','WEBSITE','2026-05-25 05:00:00','2026-05-25 05:00:00'),(52,'DX-260525-FXKZ',NULL,'Chú Phúc','0910000473','SHARED_RIDE',2,'Đức Linh → Sài Gòn','Võ Xu','Gò Vấp, TP.HCM','2026-05-24 23:30:00',2,NULL,NULL,NULL,NULL,'WAITING_DISPATCH',500000.00,500000.00,60000.00,'{\"at\":\"SEED\",\"type\":\"SHARED_RIDE\",\"routeId\":2,\"passengerCount\":2,\"total\":500000,\"commission\":60000}','ADMIN','WEBSITE','2026-05-25 05:00:00','2026-05-25 05:00:00'),(53,'DX-260525-N833',NULL,'Chú Lan','0910000946','CARGO',3,'Sài Gòn → Tánh Linh','Tân Bình, TP.HCM','Đức Linh','2026-05-26 22:00:00',1,NULL,NULL,NULL,NULL,'WAITING_DISPATCH',160000.00,160000.00,20000.00,'{\"at\":\"SEED\",\"type\":\"CARGO\",\"routeId\":3,\"passengerCount\":1,\"total\":160000,\"commission\":20000}','DRIVER','WEBSITE','2026-05-25 05:00:00','2026-05-25 05:00:00'),(54,'DX-260525-5VWC',NULL,'Chị Trang','0910000499','SHARED_RIDE',1,'Sài Gòn → Đức Linh','Bình Thạnh, TP.HCM','Lạc Tánh','2026-06-04 08:45:00',1,NULL,NULL,NULL,NULL,'WAITING_DISPATCH',250000.00,250000.00,30000.00,'{\"at\":\"SEED\",\"type\":\"SHARED_RIDE\",\"routeId\":1,\"passengerCount\":1,\"total\":250000,\"commission\":30000}','ADMIN','WEBSITE','2026-05-25 05:00:00','2026-05-25 05:00:00'),(55,'DX-260525-GEZH',NULL,'Chị Phúc','0910000215','PRIVATE_RIDE',4,'Tánh Linh → Sài Gòn','Lạc Tánh','Thủ Đức, TP.HCM','2026-05-29 05:15:00',1,NULL,NULL,NULL,NULL,'WAITING_DISPATCH',1200000.00,1200000.00,150000.00,'{\"at\":\"SEED\",\"type\":\"PRIVATE_RIDE\",\"routeId\":4,\"passengerCount\":1,\"total\":1200000,\"commission\":150000}','DRIVER','WEBSITE','2026-05-25 05:00:00','2026-05-25 05:00:00'),(56,'DX-260525-SXQQ',NULL,'Anh Đức','0910000501','PRIVATE_RIDE',2,'Đức Linh → Sài Gòn','Võ Xu','Gò Vấp, TP.HCM','2026-05-29 11:45:00',1,NULL,NULL,NULL,NULL,'WAITING_DISPATCH',1200000.00,1200000.00,150000.00,'{\"at\":\"SEED\",\"type\":\"PRIVATE_RIDE\",\"routeId\":2,\"passengerCount\":1,\"total\":1200000,\"commission\":150000}','DRIVER','WEBSITE','2026-05-25 05:00:00','2026-05-25 05:00:00'),(57,'DX-260525-K59Q',NULL,'Chị Linh','0910001003','SHARED_RIDE',1,'Sài Gòn → Đức Linh','Bình Thạnh, TP.HCM','Mỹ Thanh','2026-05-30 12:00:00',2,NULL,NULL,NULL,NULL,'WAITING_DISPATCH',500000.00,500000.00,60000.00,'{\"at\":\"SEED\",\"type\":\"SHARED_RIDE\",\"routeId\":1,\"passengerCount\":2,\"total\":500000,\"commission\":60000}','DRIVER','WEBSITE','2026-05-25 05:00:00','2026-05-25 05:00:00'),(58,'DX-260525-UV3Z',NULL,'Cô Tuấn','0910000651','SHARED_RIDE',1,'Sài Gòn → Đức Linh','Bình Tân, TP.HCM','Võ Xu','2026-05-27 04:45:00',4,NULL,NULL,NULL,NULL,'NEW',1000000.00,1000000.00,120000.00,'{\"at\":\"SEED\",\"type\":\"SHARED_RIDE\",\"routeId\":1,\"passengerCount\":4,\"total\":1000000,\"commission\":120000}','DRIVER','WEBSITE','2026-05-25 05:00:00','2026-05-25 05:00:00'),(59,'DX-260525-3VX3',NULL,'Chị Đức','0910000442','SHARED_RIDE',2,'Đức Linh → Sài Gòn','Mỹ Thanh','Thủ Đức, TP.HCM','2026-06-01 01:15:00',4,NULL,NULL,NULL,NULL,'WAITING_DISPATCH',1000000.00,1000000.00,120000.00,'{\"at\":\"SEED\",\"type\":\"SHARED_RIDE\",\"routeId\":2,\"passengerCount\":4,\"total\":1000000,\"commission\":120000}','ADMIN','WEBSITE','2026-05-25 05:00:00','2026-05-25 05:00:00'),(60,'DX-260525-EYE6',NULL,'Anh Hoa','0910000584','SHARED_RIDE',3,'Sài Gòn → Tánh Linh','Gò Vấp, TP.HCM','Mỹ Thanh','2026-06-05 01:00:00',2,NULL,NULL,NULL,NULL,'QUOTED',560000.00,560000.00,70000.00,'{\"at\":\"SEED\",\"type\":\"SHARED_RIDE\",\"routeId\":3,\"passengerCount\":2,\"total\":560000,\"commission\":70000}','DRIVER','WEBSITE','2026-05-25 05:00:00','2026-05-25 05:00:00'),(61,'DX-260525-7AXJ',NULL,'Bà Đức','0910001007','SHARED_RIDE',4,'Tánh Linh → Sài Gòn','Mỹ Thanh','Quận 12, TP.HCM','2026-05-30 13:30:00',2,NULL,NULL,NULL,NULL,'WAITING_DISPATCH',560000.00,560000.00,70000.00,'{\"at\":\"SEED\",\"type\":\"SHARED_RIDE\",\"routeId\":4,\"passengerCount\":2,\"total\":560000,\"commission\":70000}','DRIVER','WEBSITE','2026-05-25 05:00:00','2026-05-25 05:00:00'),(62,'DX-260525-4DD4',NULL,'Chị Mai','0910000083','SHARED_RIDE',4,'Tánh Linh → Sài Gòn','Nghĩa Chánh','Quận 12, TP.HCM','2026-06-07 07:15:00',3,NULL,NULL,NULL,NULL,'WAITING_DISPATCH',840000.00,840000.00,105000.00,'{\"at\":\"SEED\",\"type\":\"SHARED_RIDE\",\"routeId\":4,\"passengerCount\":3,\"total\":840000,\"commission\":105000}','DRIVER','WEBSITE','2026-05-25 05:00:00','2026-05-25 05:00:00'),(63,'DX-260525-9JDX',NULL,'Chú Hùng','0910000520','PRIVATE_RIDE',3,'Sài Gòn → Tánh Linh','Bình Tân, TP.HCM','Đồi 61','2026-06-01 01:30:00',1,NULL,NULL,NULL,NULL,'NEW',1200000.00,1200000.00,150000.00,'{\"at\":\"SEED\",\"type\":\"PRIVATE_RIDE\",\"routeId\":3,\"passengerCount\":1,\"total\":1200000,\"commission\":150000}','DRIVER','WEBSITE','2026-05-25 05:00:00','2026-05-25 05:00:00'),(64,'DX-260525-VNQZ',NULL,'Em Phúc','0910000265','SHARED_RIDE',4,'Tánh Linh → Sài Gòn','Mỹ Thanh','Bình Tân, TP.HCM','2026-05-26 00:30:00',1,NULL,NULL,NULL,NULL,'WAITING_DISPATCH',280000.00,280000.00,35000.00,'{\"at\":\"SEED\",\"type\":\"SHARED_RIDE\",\"routeId\":4,\"passengerCount\":1,\"total\":280000,\"commission\":35000}','DRIVER','WEBSITE','2026-05-25 05:00:00','2026-05-25 05:00:00'),(65,'DX-260525-96JM',NULL,'Bà Linh','0910000433','SHARED_RIDE',2,'Đức Linh → Sài Gòn','Võ Xu','Thủ Đức, TP.HCM','2026-06-08 05:00:00',4,NULL,NULL,NULL,NULL,'WAITING_DISPATCH',1000000.00,1000000.00,120000.00,'{\"at\":\"SEED\",\"type\":\"SHARED_RIDE\",\"routeId\":2,\"passengerCount\":4,\"total\":1000000,\"commission\":120000}','DRIVER','WEBSITE','2026-05-25 05:00:00','2026-05-25 05:00:00'),(66,'DX-260525-FG4G',NULL,'Bà Linh','0910000453','SHARED_RIDE',1,'Sài Gòn → Đức Linh','Quận 12, TP.HCM','Nghĩa Chánh','2026-05-26 13:15:00',4,NULL,NULL,NULL,NULL,'WAITING_DISPATCH',1000000.00,1000000.00,120000.00,'{\"at\":\"SEED\",\"type\":\"SHARED_RIDE\",\"routeId\":1,\"passengerCount\":4,\"total\":1000000,\"commission\":120000}','DRIVER','WEBSITE','2026-05-25 05:00:00','2026-05-25 05:00:00'),(67,'DX-260525-T2MT',NULL,'Anh Mai','0910000316','SHARED_RIDE',4,'Tánh Linh → Sài Gòn','Đồi 61','Tân Bình, TP.HCM','2026-06-05 13:15:00',4,NULL,NULL,NULL,NULL,'NEW',1120000.00,1120000.00,140000.00,'{\"at\":\"SEED\",\"type\":\"SHARED_RIDE\",\"routeId\":4,\"passengerCount\":4,\"total\":1120000,\"commission\":140000}','ADMIN','WEBSITE','2026-05-25 05:00:00','2026-05-25 05:00:00'),(68,'DX-260525-XUQQ',NULL,'Anh Tuấn','0910000564','SHARED_RIDE',4,'Tánh Linh → Sài Gòn','Đức Linh','An Lạc, TP.HCM','2026-06-01 11:00:00',2,NULL,NULL,NULL,NULL,'WAITING_DISPATCH',560000.00,560000.00,70000.00,'{\"at\":\"SEED\",\"type\":\"SHARED_RIDE\",\"routeId\":4,\"passengerCount\":2,\"total\":560000,\"commission\":70000}','DRIVER','WEBSITE','2026-05-25 05:00:00','2026-05-25 05:00:00'),(69,'DX-260525-ZBVP',NULL,'Anh Hoa','0910000354','SHARED_RIDE',3,'Sài Gòn → Tánh Linh','Quận 12, TP.HCM','Lạc Tánh','2026-06-06 11:15:00',4,NULL,NULL,NULL,NULL,'WAITING_DISPATCH',1120000.00,1120000.00,140000.00,'{\"at\":\"SEED\",\"type\":\"SHARED_RIDE\",\"routeId\":3,\"passengerCount\":4,\"total\":1120000,\"commission\":140000}','DRIVER','WEBSITE','2026-05-25 05:00:00','2026-05-25 05:00:00'),(70,'DX-260525-7MML',NULL,'Chị Mai','0910000259','PRIVATE_RIDE',3,'Sài Gòn → Tánh Linh','Gò Vấp, TP.HCM','Đức Linh','2026-05-30 03:00:00',1,NULL,NULL,NULL,NULL,'WAITING_DISPATCH',1200000.00,1200000.00,150000.00,'{\"at\":\"SEED\",\"type\":\"PRIVATE_RIDE\",\"routeId\":3,\"passengerCount\":1,\"total\":1200000,\"commission\":150000}','DRIVER','WEBSITE','2026-05-25 05:00:00','2026-05-25 05:00:00'),(71,'DX-260525-BM67',NULL,'Bà Hùng','0910000876','PRIVATE_RIDE',1,'Sài Gòn → Đức Linh','Bình Thạnh, TP.HCM','Võ Xu','2026-05-28 03:30:00',1,NULL,NULL,NULL,NULL,'WAITING_DISPATCH',1200000.00,1200000.00,150000.00,'{\"at\":\"SEED\",\"type\":\"PRIVATE_RIDE\",\"routeId\":1,\"passengerCount\":1,\"total\":1200000,\"commission\":150000}','DRIVER','WEBSITE','2026-05-25 05:00:00','2026-05-25 05:00:00'),(72,'DX-260525-U2MJ',NULL,'Chị Nam','0910000647','SHARED_RIDE',4,'Tánh Linh → Sài Gòn','Võ Xu','Gò Vấp, TP.HCM','2026-05-25 06:45:00',1,NULL,NULL,NULL,NULL,'WAITING_DISPATCH',280000.00,280000.00,35000.00,'{\"at\":\"SEED\",\"type\":\"SHARED_RIDE\",\"routeId\":4,\"passengerCount\":1,\"total\":280000,\"commission\":35000}','DRIVER','WEBSITE','2026-05-25 05:00:00','2026-05-25 05:00:00'),(73,'DX-260525-3YUS',NULL,'Cô Nam','0910000191','SHARED_RIDE',1,'Sài Gòn → Đức Linh','Bình Thạnh, TP.HCM','Đồi 61','2026-06-04 22:30:00',2,NULL,NULL,NULL,NULL,'WAITING_DISPATCH',500000.00,500000.00,60000.00,'{\"at\":\"SEED\",\"type\":\"SHARED_RIDE\",\"routeId\":1,\"passengerCount\":2,\"total\":500000,\"commission\":60000}','DRIVER','WEBSITE','2026-05-25 05:00:00','2026-05-25 05:00:00'),(74,'DX-260525-46YZ',NULL,'Chú Linh','0910000485','SHARED_RIDE',4,'Tánh Linh → Sài Gòn','Mỹ Thanh','Gò Vấp, TP.HCM','2026-06-02 11:15:00',2,NULL,NULL,NULL,NULL,'WAITING_DISPATCH',560000.00,560000.00,70000.00,'{\"at\":\"SEED\",\"type\":\"SHARED_RIDE\",\"routeId\":4,\"passengerCount\":2,\"total\":560000,\"commission\":70000}','DRIVER','WEBSITE','2026-05-25 05:00:00','2026-05-25 05:00:00'),(75,'DX-260525-DAEY',NULL,'Anh Trang','0910000742','SHARED_RIDE',4,'Tánh Linh → Sài Gòn','Lạc Tánh','Quận 12, TP.HCM','2026-06-07 08:45:00',4,NULL,NULL,NULL,NULL,'WAITING_DISPATCH',1120000.00,1120000.00,140000.00,'{\"at\":\"SEED\",\"type\":\"SHARED_RIDE\",\"routeId\":4,\"passengerCount\":4,\"total\":1120000,\"commission\":140000}','DRIVER','WEBSITE','2026-05-25 05:00:00','2026-05-25 05:00:00'),(76,'DX-260525-EJC8',NULL,'Em Đức','0910000211','SHARED_RIDE',3,'Sài Gòn → Tánh Linh','An Lạc, TP.HCM','Nghĩa Chánh','2026-05-27 23:00:00',2,NULL,NULL,NULL,NULL,'NEW',560000.00,560000.00,70000.00,'{\"at\":\"SEED\",\"type\":\"SHARED_RIDE\",\"routeId\":3,\"passengerCount\":2,\"total\":560000,\"commission\":70000}','DRIVER','WEBSITE','2026-05-25 05:00:00','2026-05-25 05:00:00'),(77,'DX-260525-HVYW',NULL,'Cô Linh','0910000674','PRIVATE_RIDE',1,'Sài Gòn → Đức Linh','Thủ Đức, TP.HCM','Nghĩa Chánh','2026-06-04 08:45:00',1,NULL,NULL,NULL,NULL,'NEW',1200000.00,1200000.00,150000.00,'{\"at\":\"SEED\",\"type\":\"PRIVATE_RIDE\",\"routeId\":1,\"passengerCount\":1,\"total\":1200000,\"commission\":150000}','DRIVER','WEBSITE','2026-05-25 05:00:00','2026-05-25 05:00:00'),(78,'DX-260525-EHM6',NULL,'Anh Lan','0910000967','SHARED_RIDE',3,'Sài Gòn → Tánh Linh','Bình Thạnh, TP.HCM','Nghĩa Chánh','2026-06-05 02:45:00',1,NULL,NULL,NULL,NULL,'NEW',280000.00,280000.00,35000.00,'{\"at\":\"SEED\",\"type\":\"SHARED_RIDE\",\"routeId\":3,\"passengerCount\":1,\"total\":280000,\"commission\":35000}','DRIVER','WEBSITE','2026-05-25 05:00:00','2026-05-25 05:00:00'),(79,'DX-260525-DC3E',NULL,'Anh Mai','0910001054','PRIVATE_RIDE',4,'Tánh Linh → Sài Gòn','Đức Linh','An Lạc, TP.HCM','2026-05-30 09:00:00',1,NULL,NULL,NULL,NULL,'WAITING_DISPATCH',1200000.00,1200000.00,150000.00,'{\"at\":\"SEED\",\"type\":\"PRIVATE_RIDE\",\"routeId\":4,\"passengerCount\":1,\"total\":1200000,\"commission\":150000}','DRIVER','WEBSITE','2026-05-25 05:00:00','2026-05-25 05:00:00'),(80,'DX-260525-4Z3F',NULL,'Cô Lan','0910000849','SHARED_RIDE',4,'Tánh Linh → Sài Gòn','Võ Xu','Bình Thạnh, TP.HCM','2026-06-02 01:15:00',2,NULL,NULL,NULL,NULL,'WAITING_DISPATCH',560000.00,560000.00,70000.00,'{\"at\":\"SEED\",\"type\":\"SHARED_RIDE\",\"routeId\":4,\"passengerCount\":2,\"total\":560000,\"commission\":70000}','DRIVER','WEBSITE','2026-05-25 05:00:00','2026-05-25 05:00:00'),(81,'DX-260525-Z729',NULL,'Em Nam','0910000971','SHARED_RIDE',4,'Tánh Linh → Sài Gòn','Nghĩa Chánh','Thủ Đức, TP.HCM','2026-06-04 02:00:00',1,NULL,NULL,NULL,NULL,'WAITING_DISPATCH',280000.00,280000.00,35000.00,'{\"at\":\"SEED\",\"type\":\"SHARED_RIDE\",\"routeId\":4,\"passengerCount\":1,\"total\":280000,\"commission\":35000}','DRIVER','WEBSITE','2026-05-25 05:00:00','2026-05-25 05:00:00'),(82,'DX-260525-77VG',NULL,'Bà Hùng','0910000687','SHARED_RIDE',4,'Tánh Linh → Sài Gòn','Đức Linh','Quận 12, TP.HCM','2026-05-28 00:15:00',2,NULL,NULL,NULL,NULL,'WAITING_DISPATCH',560000.00,560000.00,70000.00,'{\"at\":\"SEED\",\"type\":\"SHARED_RIDE\",\"routeId\":4,\"passengerCount\":2,\"total\":560000,\"commission\":70000}','ADMIN','WEBSITE','2026-05-25 05:00:00','2026-05-25 05:00:00'),(83,'DX-260525-3N9T',NULL,'Chị Trang','0910000157','CARGO',2,'Đức Linh → Sài Gòn','Đồi 61','Gò Vấp, TP.HCM','2026-05-27 01:45:00',1,NULL,NULL,NULL,NULL,'WAITING_DISPATCH',105000.00,105000.00,20000.00,'{\"at\":\"SEED\",\"type\":\"CARGO\",\"routeId\":2,\"passengerCount\":1,\"total\":105000,\"commission\":20000}','DRIVER','WEBSITE','2026-05-25 05:00:00','2026-05-25 05:00:00'),(84,'DX-260525-3S2V',NULL,'Chú Lan','0910000383','SHARED_RIDE',3,'Sài Gòn → Tánh Linh','Thủ Đức, TP.HCM','Đồi 61','2026-05-27 22:30:00',3,NULL,NULL,NULL,NULL,'WAITING_DISPATCH',840000.00,840000.00,105000.00,'{\"at\":\"SEED\",\"type\":\"SHARED_RIDE\",\"routeId\":3,\"passengerCount\":3,\"total\":840000,\"commission\":105000}','DRIVER','WEBSITE','2026-05-25 05:00:00','2026-05-25 05:00:00'),(85,'DX-260525-P8GF',NULL,'Bà Hoa','0910000231','MARKET',1,'Sài Gòn → Đức Linh','Bình Tân, TP.HCM','Mỹ Thanh','2026-05-28 13:00:00',1,NULL,NULL,NULL,NULL,'WAITING_DISPATCH',126821.00,126821.00,20000.00,'{\"at\":\"SEED\",\"type\":\"MARKET\",\"routeId\":1,\"passengerCount\":1,\"total\":126821,\"commission\":20000}','DRIVER','WEBSITE','2026-05-25 05:00:00','2026-05-25 05:00:00'),(86,'DX-260525-657F',NULL,'Bà Phúc','0910000518','CARGO',1,'Sài Gòn → Đức Linh','Tân Bình, TP.HCM','Võ Xu','2026-06-05 04:00:00',1,NULL,NULL,NULL,NULL,'CONTACTED',270000.00,270000.00,20000.00,'{\"at\":\"SEED\",\"type\":\"CARGO\",\"routeId\":1,\"passengerCount\":1,\"total\":270000,\"commission\":20000}','DRIVER','WEBSITE','2026-05-25 05:00:00','2026-05-25 05:00:00'),(87,'DX-260525-2T47',NULL,'Bà Tuấn','0910000367','SHARED_RIDE',2,'Đức Linh → Sài Gòn','Lạc Tánh','Gò Vấp, TP.HCM','2026-05-29 01:00:00',2,NULL,NULL,NULL,NULL,'CANCELLED',500000.00,500000.00,60000.00,'{\"at\":\"SEED\",\"type\":\"SHARED_RIDE\",\"routeId\":2,\"passengerCount\":2,\"total\":500000,\"commission\":60000}','DRIVER','WEBSITE','2026-05-25 05:00:00','2026-05-25 05:00:00'),(88,'DX-260525-7YRP',NULL,'Cô Lan','0910000296','SHARED_RIDE',4,'Tánh Linh → Sài Gòn','Lạc Tánh','Quận 12, TP.HCM','2026-05-29 03:15:00',1,NULL,NULL,NULL,NULL,'CONTACTED',280000.00,280000.00,35000.00,'{\"at\":\"SEED\",\"type\":\"SHARED_RIDE\",\"routeId\":4,\"passengerCount\":1,\"total\":280000,\"commission\":35000}','DRIVER','WEBSITE','2026-05-25 05:00:00','2026-05-25 05:00:00'),(89,'DX-260525-9FXG',NULL,'Cô Tuấn','0910000899','SHARED_RIDE',3,'Sài Gòn → Tánh Linh','Tân Bình, TP.HCM','Nghĩa Chánh','2026-06-07 05:00:00',3,NULL,NULL,NULL,NULL,'QUOTED',840000.00,840000.00,105000.00,'{\"at\":\"SEED\",\"type\":\"SHARED_RIDE\",\"routeId\":3,\"passengerCount\":3,\"total\":840000,\"commission\":105000}','DRIVER','WEBSITE','2026-05-25 05:00:00','2026-05-25 05:00:00'),(90,'DX-260525-AKZB',NULL,'Bà Lan','0910000832','SHARED_RIDE',1,'Sài Gòn → Đức Linh','Gò Vấp, TP.HCM','Lạc Tánh','2026-06-05 02:15:00',3,NULL,NULL,NULL,NULL,'COMPLETED',750000.00,750000.00,90000.00,'{\"at\":\"SEED\",\"type\":\"SHARED_RIDE\",\"routeId\":1,\"passengerCount\":3,\"total\":750000,\"commission\":90000}','DRIVER','WEBSITE','2026-05-25 05:00:00','2026-05-25 05:00:00'),(91,'DX-260525-4XRK',NULL,'Anh Hoa','0910000330','SHARED_RIDE',2,'Đức Linh → Sài Gòn','Mỹ Thanh','Bình Tân, TP.HCM','2026-05-29 05:45:00',2,NULL,NULL,NULL,NULL,'NEW',500000.00,500000.00,60000.00,'{\"at\":\"SEED\",\"type\":\"SHARED_RIDE\",\"routeId\":2,\"passengerCount\":2,\"total\":500000,\"commission\":60000}','DRIVER','WEBSITE','2026-05-25 05:00:00','2026-05-25 05:00:00'),(92,'DX-260525-74VH',NULL,'Cô Hoa','0910000198','PRIVATE_RIDE',2,'Đức Linh → Sài Gòn','Đức Linh','Bình Thạnh, TP.HCM','2026-05-29 01:30:00',1,NULL,NULL,NULL,NULL,'WAITING_DISPATCH',1200000.00,1200000.00,150000.00,'{\"at\":\"SEED\",\"type\":\"PRIVATE_RIDE\",\"routeId\":2,\"passengerCount\":1,\"total\":1200000,\"commission\":150000}','DRIVER','WEBSITE','2026-05-25 05:00:00','2026-05-25 05:00:00'),(93,'DX-260525-2JRC',NULL,'Cô Mai','0910000624','PRIVATE_RIDE',4,'Tánh Linh → Sài Gòn','Đức Linh','Bình Thạnh, TP.HCM','2026-05-25 22:15:00',1,NULL,NULL,NULL,NULL,'WAITING_DISPATCH',1200000.00,1200000.00,150000.00,'{\"at\":\"SEED\",\"type\":\"PRIVATE_RIDE\",\"routeId\":4,\"passengerCount\":1,\"total\":1200000,\"commission\":150000}','DRIVER','WEBSITE','2026-05-25 05:00:00','2026-05-25 05:00:00'),(94,'DX-260525-SQZY',NULL,'Cô Linh','0910000294','SHARED_RIDE',1,'Sài Gòn → Đức Linh','Bình Tân, TP.HCM','Lạc Tánh','2026-06-07 12:15:00',1,NULL,NULL,NULL,NULL,'QUOTED',250000.00,250000.00,30000.00,'{\"at\":\"SEED\",\"type\":\"SHARED_RIDE\",\"routeId\":1,\"passengerCount\":1,\"total\":250000,\"commission\":30000}','DRIVER','WEBSITE','2026-05-25 05:00:00','2026-05-25 05:00:00'),(95,'DX-260525-37DZ',NULL,'Em Đức','0910001055','PRIVATE_RIDE',3,'Sài Gòn → Tánh Linh','Bình Tân, TP.HCM','Nghĩa Chánh','2026-05-28 10:15:00',1,NULL,NULL,NULL,NULL,'WAITING_DISPATCH',1200000.00,1200000.00,150000.00,'{\"at\":\"SEED\",\"type\":\"PRIVATE_RIDE\",\"routeId\":3,\"passengerCount\":1,\"total\":1200000,\"commission\":150000}','DRIVER','WEBSITE','2026-05-25 05:00:00','2026-05-25 05:00:00'),(96,'DX-260525-L4KW',NULL,'Cô Tuấn','0910000190','SHARED_RIDE',2,'Đức Linh → Sài Gòn','Đồi 61','Bình Tân, TP.HCM','2026-06-05 13:00:00',1,NULL,NULL,NULL,NULL,'WAITING_DISPATCH',250000.00,250000.00,30000.00,'{\"at\":\"SEED\",\"type\":\"SHARED_RIDE\",\"routeId\":2,\"passengerCount\":1,\"total\":250000,\"commission\":30000}','DRIVER','WEBSITE','2026-05-25 05:00:00','2026-05-25 05:00:00'),(97,'DX-260525-JYZF',NULL,'Chú Hoa','0910000853','SHARED_RIDE',1,'Sài Gòn → Đức Linh','Bình Thạnh, TP.HCM','Đức Linh','2026-06-05 09:00:00',4,NULL,NULL,NULL,NULL,'WAITING_DISPATCH',1000000.00,1000000.00,120000.00,'{\"at\":\"SEED\",\"type\":\"SHARED_RIDE\",\"routeId\":1,\"passengerCount\":4,\"total\":1000000,\"commission\":120000}','DRIVER','WEBSITE','2026-05-25 05:00:00','2026-05-25 05:00:00'),(98,'DX-260525-HR4A',NULL,'Bà Trang','0910000436','SHARED_RIDE',3,'Sài Gòn → Tánh Linh','Tân Bình, TP.HCM','Mỹ Thanh','2026-05-26 22:45:00',2,NULL,NULL,NULL,NULL,'CANCELLED',560000.00,560000.00,70000.00,'{\"at\":\"SEED\",\"type\":\"SHARED_RIDE\",\"routeId\":3,\"passengerCount\":2,\"total\":560000,\"commission\":70000}','DRIVER','WEBSITE','2026-05-25 05:00:00','2026-05-25 05:00:00'),(99,'DX-260525-9W3Y',NULL,'Cô Lan','0910000175','SHARED_RIDE',2,'Đức Linh → Sài Gòn','Lạc Tánh','Bình Thạnh, TP.HCM','2026-05-27 01:30:00',4,NULL,NULL,NULL,NULL,'WAITING_DISPATCH',1000000.00,1000000.00,120000.00,'{\"at\":\"SEED\",\"type\":\"SHARED_RIDE\",\"routeId\":2,\"passengerCount\":4,\"total\":1000000,\"commission\":120000}','ADMIN','WEBSITE','2026-05-25 05:00:00','2026-05-25 05:00:00'),(100,'DX-260525-N7FD',NULL,'Cô Linh','0910000632','SHARED_RIDE',2,'Đức Linh → Sài Gòn','Lạc Tánh','Bình Thạnh, TP.HCM','2026-05-29 10:30:00',2,NULL,NULL,NULL,NULL,'WAITING_DISPATCH',500000.00,500000.00,60000.00,'{\"at\":\"SEED\",\"type\":\"SHARED_RIDE\",\"routeId\":2,\"passengerCount\":2,\"total\":500000,\"commission\":60000}','DRIVER','WEBSITE','2026-05-25 05:00:00','2026-05-25 05:00:00'),(101,'DX-260525-EQJF',NULL,'Em Hoa','0910000418','SHARED_RIDE',1,'Sài Gòn → Đức Linh','An Lạc, TP.HCM','Nghĩa Chánh','2026-06-05 04:00:00',1,NULL,NULL,NULL,NULL,'WAITING_DISPATCH',250000.00,250000.00,30000.00,'{\"at\":\"SEED\",\"type\":\"SHARED_RIDE\",\"routeId\":1,\"passengerCount\":1,\"total\":250000,\"commission\":30000}','DRIVER','WEBSITE','2026-05-25 05:00:00','2026-05-25 05:00:00'),(102,'DX-260525-L6EE',NULL,'Chị Lan','0910000274','SHARED_RIDE',2,'Đức Linh → Sài Gòn','Võ Xu','Bình Tân, TP.HCM','2026-05-31 11:15:00',4,NULL,NULL,NULL,NULL,'QUOTED',1000000.00,1000000.00,120000.00,'{\"at\":\"SEED\",\"type\":\"SHARED_RIDE\",\"routeId\":2,\"passengerCount\":4,\"total\":1000000,\"commission\":120000}','DRIVER','WEBSITE','2026-05-25 05:00:00','2026-05-25 05:00:00'),(103,'DX-260525-382R',NULL,'Em Linh','0910000462','SHARED_RIDE',2,'Đức Linh → Sài Gòn','Nghĩa Chánh','Bình Tân, TP.HCM','2026-05-26 04:00:00',3,NULL,NULL,NULL,NULL,'NEW',750000.00,750000.00,90000.00,'{\"at\":\"SEED\",\"type\":\"SHARED_RIDE\",\"routeId\":2,\"passengerCount\":3,\"total\":750000,\"commission\":90000}','DRIVER','WEBSITE','2026-05-25 05:00:00','2026-05-25 05:00:00'),(104,'DX-260525-FT4Y',NULL,'Chú Hùng','0910000676','SHARED_RIDE',1,'Sài Gòn → Đức Linh','Tân Bình, TP.HCM','Mỹ Thanh','2026-05-26 00:15:00',3,NULL,NULL,NULL,NULL,'WAITING_DISPATCH',750000.00,750000.00,90000.00,'{\"at\":\"SEED\",\"type\":\"SHARED_RIDE\",\"routeId\":1,\"passengerCount\":3,\"total\":750000,\"commission\":90000}','ADMIN','WEBSITE','2026-05-25 05:00:00','2026-05-25 05:00:00'),(105,'DX-260525-NT3L',NULL,'Chú Đức','0910001050','SHARED_RIDE',2,'Đức Linh → Sài Gòn','Nghĩa Chánh','Quận 12, TP.HCM','2026-05-31 09:30:00',1,NULL,NULL,NULL,NULL,'WAITING_DISPATCH',250000.00,250000.00,30000.00,'{\"at\":\"SEED\",\"type\":\"SHARED_RIDE\",\"routeId\":2,\"passengerCount\":1,\"total\":250000,\"commission\":30000}','ADMIN','WEBSITE','2026-05-25 05:00:00','2026-05-25 05:00:00'),(106,'DX-260525-2NGG',NULL,'Anh Đức','0910000656','SHARED_RIDE',3,'Sài Gòn → Tánh Linh','Gò Vấp, TP.HCM','Nghĩa Chánh','2026-05-25 08:15:00',4,NULL,NULL,NULL,NULL,'WAITING_DISPATCH',1120000.00,1120000.00,140000.00,'{\"at\":\"SEED\",\"type\":\"SHARED_RIDE\",\"routeId\":3,\"passengerCount\":4,\"total\":1120000,\"commission\":140000}','DRIVER','WEBSITE','2026-05-25 05:00:00','2026-05-25 05:00:00'),(107,'DX-260525-MHQ6',NULL,'Anh Hoa','0910000622','SHARED_RIDE',3,'Sài Gòn → Tánh Linh','Tân Bình, TP.HCM','Đồi 61','2026-06-04 23:00:00',2,NULL,NULL,NULL,NULL,'WAITING_DISPATCH',560000.00,560000.00,70000.00,'{\"at\":\"SEED\",\"type\":\"SHARED_RIDE\",\"routeId\":3,\"passengerCount\":2,\"total\":560000,\"commission\":70000}','DRIVER','WEBSITE','2026-05-25 05:00:00','2026-05-25 05:00:00'),(108,'DX-260525-5DPY',NULL,'Bà Phúc','0910000690','PRIVATE_RIDE',4,'Tánh Linh → Sài Gòn','Nghĩa Chánh','Quận 12, TP.HCM','2026-05-31 12:15:00',1,NULL,NULL,NULL,NULL,'NEW',1200000.00,1200000.00,150000.00,'{\"at\":\"SEED\",\"type\":\"PRIVATE_RIDE\",\"routeId\":4,\"passengerCount\":1,\"total\":1200000,\"commission\":150000}','DRIVER','WEBSITE','2026-05-25 05:00:00','2026-05-25 05:00:00'),(109,'DX-260525-7UNZ',NULL,'Cô Nam','0910000109','SHARED_RIDE',2,'Đức Linh → Sài Gòn','Đức Linh','Thủ Đức, TP.HCM','2026-06-06 11:15:00',1,NULL,NULL,NULL,NULL,'WAITING_DISPATCH',250000.00,250000.00,30000.00,'{\"at\":\"SEED\",\"type\":\"SHARED_RIDE\",\"routeId\":2,\"passengerCount\":1,\"total\":250000,\"commission\":30000}','DRIVER','WEBSITE','2026-05-25 05:00:00','2026-05-25 05:00:00'),(110,'DX-260525-89EB',NULL,'Anh Hùng','0910000295','SHARED_RIDE',2,'Đức Linh → Sài Gòn','Đồi 61','Bình Tân, TP.HCM','2026-06-08 07:45:00',4,NULL,NULL,NULL,NULL,'WAITING_DISPATCH',1000000.00,1000000.00,120000.00,'{\"at\":\"SEED\",\"type\":\"SHARED_RIDE\",\"routeId\":2,\"passengerCount\":4,\"total\":1000000,\"commission\":120000}','DRIVER','WEBSITE','2026-05-25 05:00:00','2026-05-25 05:00:00'),(111,'DX-260525-QA46',NULL,'Bà Lan','0910000124','CARGO',3,'Sài Gòn → Tánh Linh','Thủ Đức, TP.HCM','Lạc Tánh','2026-05-28 13:15:00',1,NULL,NULL,NULL,NULL,'NEW',240000.00,240000.00,20000.00,'{\"at\":\"SEED\",\"type\":\"CARGO\",\"routeId\":3,\"passengerCount\":1,\"total\":240000,\"commission\":20000}','DRIVER','WEBSITE','2026-05-25 05:00:00','2026-05-25 05:00:00'),(112,'DX-260525-B58Y',NULL,'Chị Linh','0910000306','PRIVATE_RIDE',1,'Sài Gòn → Đức Linh','An Lạc, TP.HCM','Đức Linh','2026-05-25 05:30:00',1,NULL,NULL,NULL,NULL,'CONTACTED',1200000.00,1200000.00,150000.00,'{\"at\":\"SEED\",\"type\":\"PRIVATE_RIDE\",\"routeId\":1,\"passengerCount\":1,\"total\":1200000,\"commission\":150000}','DRIVER','WEBSITE','2026-05-25 05:00:00','2026-05-25 05:00:00'),(113,'DX-260525-QRSX',NULL,'Em Trang','0910000821','SHARED_RIDE',2,'Đức Linh → Sài Gòn','Võ Xu','Gò Vấp, TP.HCM','2026-06-06 02:30:00',4,NULL,NULL,NULL,NULL,'WAITING_DISPATCH',1000000.00,1000000.00,120000.00,'{\"at\":\"SEED\",\"type\":\"SHARED_RIDE\",\"routeId\":2,\"passengerCount\":4,\"total\":1000000,\"commission\":120000}','DRIVER','WEBSITE','2026-05-25 05:00:00','2026-05-25 05:00:00'),(114,'DX-260525-ZPCP',NULL,'Anh Đức','0910000489','SHARED_RIDE',2,'Đức Linh → Sài Gòn','Lạc Tánh','Gò Vấp, TP.HCM','2026-05-27 09:30:00',2,NULL,NULL,NULL,NULL,'WAITING_DISPATCH',500000.00,500000.00,60000.00,'{\"at\":\"SEED\",\"type\":\"SHARED_RIDE\",\"routeId\":2,\"passengerCount\":2,\"total\":500000,\"commission\":60000}','DRIVER','WEBSITE','2026-05-25 05:00:00','2026-05-25 05:00:00'),(115,'DX-260525-EFFN',NULL,'Anh Linh','0910000213','SHARED_RIDE',1,'Sài Gòn → Đức Linh','Quận 12, TP.HCM','Nghĩa Chánh','2026-05-30 08:00:00',1,NULL,NULL,NULL,NULL,'CONTACTED',250000.00,250000.00,30000.00,'{\"at\":\"SEED\",\"type\":\"SHARED_RIDE\",\"routeId\":1,\"passengerCount\":1,\"total\":250000,\"commission\":30000}','DRIVER','WEBSITE','2026-05-25 05:00:00','2026-05-25 05:00:00'),(116,'DX-260525-KSV9',NULL,'Bà Linh','0910000307','CARGO',1,'Sài Gòn → Đức Linh','Bình Thạnh, TP.HCM','Lạc Tánh','2026-06-06 06:45:00',1,NULL,NULL,NULL,NULL,'WAITING_DISPATCH',215000.00,215000.00,20000.00,'{\"at\":\"SEED\",\"type\":\"CARGO\",\"routeId\":1,\"passengerCount\":1,\"total\":215000,\"commission\":20000}','DRIVER','WEBSITE','2026-05-25 05:00:00','2026-05-25 05:00:00'),(117,'DX-260525-CKAB',NULL,'Cô Nam','0910000538','SHARED_RIDE',1,'Sài Gòn → Đức Linh','An Lạc, TP.HCM','Đồi 61','2026-06-04 12:45:00',2,NULL,NULL,NULL,NULL,'WAITING_DISPATCH',500000.00,500000.00,60000.00,'{\"at\":\"SEED\",\"type\":\"SHARED_RIDE\",\"routeId\":1,\"passengerCount\":2,\"total\":500000,\"commission\":60000}','DRIVER','WEBSITE','2026-05-25 05:00:00','2026-05-25 05:00:00'),(118,'DX-260525-9GD2',NULL,'Chú Đức','0910000169','SHARED_RIDE',2,'Đức Linh → Sài Gòn','Nghĩa Chánh','Tân Bình, TP.HCM','2026-06-08 10:15:00',4,NULL,NULL,NULL,NULL,'WAITING_DISPATCH',1000000.00,1000000.00,120000.00,'{\"at\":\"SEED\",\"type\":\"SHARED_RIDE\",\"routeId\":2,\"passengerCount\":4,\"total\":1000000,\"commission\":120000}','DRIVER','WEBSITE','2026-05-25 05:00:00','2026-05-25 05:00:00'),(119,'DX-260525-Q5LF',NULL,'Bà Lan','0910000534','SHARED_RIDE',3,'Sài Gòn → Tánh Linh','Bình Thạnh, TP.HCM','Lạc Tánh','2026-06-08 13:15:00',4,NULL,NULL,NULL,NULL,'NEW',1120000.00,1120000.00,140000.00,'{\"at\":\"SEED\",\"type\":\"SHARED_RIDE\",\"routeId\":3,\"passengerCount\":4,\"total\":1120000,\"commission\":140000}','DRIVER','WEBSITE','2026-05-25 05:00:00','2026-05-25 05:00:00'),(120,'DX-260525-H2AM',NULL,'Chú Trang','0910000571','SHARED_RIDE',3,'Sài Gòn → Tánh Linh','Thủ Đức, TP.HCM','Mỹ Thanh','2026-06-01 08:30:00',1,NULL,NULL,NULL,NULL,'WAITING_DISPATCH',280000.00,280000.00,35000.00,'{\"at\":\"SEED\",\"type\":\"SHARED_RIDE\",\"routeId\":3,\"passengerCount\":1,\"total\":280000,\"commission\":35000}','DRIVER','WEBSITE','2026-05-25 05:00:00','2026-05-25 05:00:00'),(121,'DX-260525-RWMW',NULL,'Bà Lan','0910000269','CARGO',1,'Sài Gòn → Đức Linh','Quận 12, TP.HCM','Đồi 61','2026-06-03 09:30:00',1,NULL,NULL,NULL,NULL,'WAITING_DISPATCH',225000.00,225000.00,20000.00,'{\"at\":\"SEED\",\"type\":\"CARGO\",\"routeId\":1,\"passengerCount\":1,\"total\":225000,\"commission\":20000}','DRIVER','WEBSITE','2026-05-25 05:00:00','2026-05-25 05:00:00'),(122,'DX-260525-PBAD',NULL,'Chú Linh','0910000332','MARKET',1,'Sài Gòn → Đức Linh','Bình Tân, TP.HCM','Lạc Tánh','2026-06-04 13:45:00',1,NULL,NULL,NULL,NULL,'NEW',124173.00,124173.00,20000.00,'{\"at\":\"SEED\",\"type\":\"MARKET\",\"routeId\":1,\"passengerCount\":1,\"total\":124173,\"commission\":20000}','DRIVER','WEBSITE','2026-05-25 05:00:00','2026-05-25 05:00:00'),(123,'DX-260525-36FW',NULL,'Anh Hùng','0910000152','SHARED_RIDE',1,'Sài Gòn → Đức Linh','An Lạc, TP.HCM','Đồi 61','2026-05-26 10:30:00',1,NULL,NULL,NULL,NULL,'WAITING_DISPATCH',250000.00,250000.00,30000.00,'{\"at\":\"SEED\",\"type\":\"SHARED_RIDE\",\"routeId\":1,\"passengerCount\":1,\"total\":250000,\"commission\":30000}','DRIVER','WEBSITE','2026-05-25 05:00:00','2026-05-25 05:00:00'),(124,'DX-260525-TBWC',NULL,'Chị Nam','0910000597','SHARED_RIDE',2,'Đức Linh → Sài Gòn','Võ Xu','Gò Vấp, TP.HCM','2026-06-03 23:15:00',2,NULL,NULL,NULL,NULL,'WAITING_DISPATCH',500000.00,500000.00,60000.00,'{\"at\":\"SEED\",\"type\":\"SHARED_RIDE\",\"routeId\":2,\"passengerCount\":2,\"total\":500000,\"commission\":60000}','DRIVER','WEBSITE','2026-05-25 05:00:00','2026-05-25 05:00:00'),(125,'DX-260525-6GZT',NULL,'Bà Trang','0910000556','SHARED_RIDE',3,'Sài Gòn → Tánh Linh','Thủ Đức, TP.HCM','Mỹ Thanh','2026-05-27 07:00:00',3,NULL,NULL,NULL,NULL,'CONTACTED',840000.00,840000.00,105000.00,'{\"at\":\"SEED\",\"type\":\"SHARED_RIDE\",\"routeId\":3,\"passengerCount\":3,\"total\":840000,\"commission\":105000}','DRIVER','WEBSITE','2026-05-25 05:00:00','2026-05-25 05:00:00'),(126,'DX-260525-Y5LL',NULL,'Chú Đức','0910000273','SHARED_RIDE',4,'Tánh Linh → Sài Gòn','Nghĩa Chánh','Tân Bình, TP.HCM','2026-06-07 01:30:00',1,NULL,NULL,NULL,NULL,'WAITING_DISPATCH',280000.00,280000.00,35000.00,'{\"at\":\"SEED\",\"type\":\"SHARED_RIDE\",\"routeId\":4,\"passengerCount\":1,\"total\":280000,\"commission\":35000}','DRIVER','WEBSITE','2026-05-25 05:00:00','2026-05-25 05:00:00'),(127,'DX-260525-EAQA',NULL,'Chị Linh','0910001057','SHARED_RIDE',2,'Đức Linh → Sài Gòn','Đức Linh','Quận 12, TP.HCM','2026-05-26 08:30:00',4,NULL,NULL,NULL,NULL,'WAITING_DISPATCH',1000000.00,1000000.00,120000.00,'{\"at\":\"SEED\",\"type\":\"SHARED_RIDE\",\"routeId\":2,\"passengerCount\":4,\"total\":1000000,\"commission\":120000}','DRIVER','WEBSITE','2026-05-25 05:00:00','2026-05-25 05:00:00'),(128,'DX-260525-H9BQ',NULL,'Chú Hùng','0910000532','MARKET',2,'Đức Linh → Sài Gòn','Nghĩa Chánh','An Lạc, TP.HCM','2026-05-30 22:15:00',1,NULL,NULL,NULL,NULL,'NEW',114712.00,114712.00,20000.00,'{\"at\":\"SEED\",\"type\":\"MARKET\",\"routeId\":2,\"passengerCount\":1,\"total\":114712,\"commission\":20000}','DRIVER','WEBSITE','2026-05-25 05:00:00','2026-05-25 05:00:00'),(129,'DX-260525-J55C',NULL,'Cô Mai','0910001116','PRIVATE_RIDE',4,'Tánh Linh → Sài Gòn','Nghĩa Chánh','Gò Vấp, TP.HCM','2026-05-26 09:00:00',1,NULL,NULL,NULL,NULL,'CONTACTED',1200000.00,1200000.00,150000.00,'{\"at\":\"SEED\",\"type\":\"PRIVATE_RIDE\",\"routeId\":4,\"passengerCount\":1,\"total\":1200000,\"commission\":150000}','DRIVER','WEBSITE','2026-05-25 05:00:00','2026-05-25 05:00:00'),(130,'DX-260525-LDEY',NULL,'Bà Phúc','0910000759','SHARED_RIDE',2,'Đức Linh → Sài Gòn','Đồi 61','Bình Tân, TP.HCM','2026-06-01 06:15:00',3,NULL,NULL,NULL,NULL,'WAITING_DISPATCH',750000.00,750000.00,90000.00,'{\"at\":\"SEED\",\"type\":\"SHARED_RIDE\",\"routeId\":2,\"passengerCount\":3,\"total\":750000,\"commission\":90000}','DRIVER','WEBSITE','2026-05-25 05:00:00','2026-05-25 05:00:00'),(131,'DX-260525-7TUK',NULL,'Anh Nam','0910000201','SHARED_RIDE',1,'Sài Gòn → Đức Linh','An Lạc, TP.HCM','Võ Xu','2026-06-03 05:15:00',1,NULL,NULL,NULL,NULL,'WAITING_DISPATCH',250000.00,250000.00,30000.00,'{\"at\":\"SEED\",\"type\":\"SHARED_RIDE\",\"routeId\":1,\"passengerCount\":1,\"total\":250000,\"commission\":30000}','DRIVER','WEBSITE','2026-05-25 05:00:00','2026-05-25 05:00:00'),(132,'DX-260525-FEYQ',NULL,'Em Đức','0910000909','SHARED_RIDE',1,'Sài Gòn → Đức Linh','An Lạc, TP.HCM','Đức Linh','2026-06-08 10:00:00',4,NULL,NULL,NULL,NULL,'NEW',1000000.00,1000000.00,120000.00,'{\"at\":\"SEED\",\"type\":\"SHARED_RIDE\",\"routeId\":1,\"passengerCount\":4,\"total\":1000000,\"commission\":120000}','DRIVER','WEBSITE','2026-05-25 05:00:00','2026-05-25 05:00:00'),(133,'DX-260525-XRA5',NULL,'Chị Hoa','0910001077','PRIVATE_RIDE',3,'Sài Gòn → Tánh Linh','Bình Tân, TP.HCM','Lạc Tánh','2026-06-08 07:30:00',1,NULL,NULL,NULL,NULL,'CONTACTED',1200000.00,1200000.00,150000.00,'{\"at\":\"SEED\",\"type\":\"PRIVATE_RIDE\",\"routeId\":3,\"passengerCount\":1,\"total\":1200000,\"commission\":150000}','DRIVER','WEBSITE','2026-05-25 05:00:00','2026-05-25 05:00:00'),(134,'DX-260525-TKU6',NULL,'Chú Hoa','0910000952','SHARED_RIDE',2,'Đức Linh → Sài Gòn','Nghĩa Chánh','An Lạc, TP.HCM','2026-06-03 11:00:00',3,NULL,NULL,NULL,NULL,'CONTACTED',750000.00,750000.00,90000.00,'{\"at\":\"SEED\",\"type\":\"SHARED_RIDE\",\"routeId\":2,\"passengerCount\":3,\"total\":750000,\"commission\":90000}','DRIVER','WEBSITE','2026-05-25 05:00:00','2026-05-25 05:00:00'),(135,'DX-260525-84EN',NULL,'Anh Mai','0910000784','SHARED_RIDE',3,'Sài Gòn → Tánh Linh','Thủ Đức, TP.HCM','Đức Linh','2026-05-27 09:15:00',3,NULL,NULL,NULL,NULL,'CONTACTED',840000.00,840000.00,105000.00,'{\"at\":\"SEED\",\"type\":\"SHARED_RIDE\",\"routeId\":3,\"passengerCount\":3,\"total\":840000,\"commission\":105000}','ADMIN','WEBSITE','2026-05-25 05:00:00','2026-05-25 05:00:00'),(136,'DX-260525-8MFF',NULL,'Cô Hoa','0910000730','SHARED_RIDE',4,'Tánh Linh → Sài Gòn','Mỹ Thanh','Gò Vấp, TP.HCM','2026-05-26 10:30:00',1,NULL,NULL,NULL,NULL,'WAITING_DISPATCH',280000.00,280000.00,35000.00,'{\"at\":\"SEED\",\"type\":\"SHARED_RIDE\",\"routeId\":4,\"passengerCount\":1,\"total\":280000,\"commission\":35000}','DRIVER','WEBSITE','2026-05-25 05:00:00','2026-05-25 05:00:00'),(137,'DX-260525-BUUP',NULL,'Chú Hoa','0910000887','PRIVATE_RIDE',4,'Tánh Linh → Sài Gòn','Võ Xu','Gò Vấp, TP.HCM','2026-05-29 00:15:00',1,NULL,NULL,NULL,NULL,'CONTACTED',1200000.00,1200000.00,150000.00,'{\"at\":\"SEED\",\"type\":\"PRIVATE_RIDE\",\"routeId\":4,\"passengerCount\":1,\"total\":1200000,\"commission\":150000}','ADMIN','WEBSITE','2026-05-25 05:00:00','2026-05-25 05:00:00'),(138,'DX-260525-XXJ6',NULL,'Chị Linh','0910000588','SHARED_RIDE',3,'Sài Gòn → Tánh Linh','Bình Tân, TP.HCM','Mỹ Thanh','2026-06-04 04:30:00',2,NULL,NULL,NULL,NULL,'WAITING_DISPATCH',560000.00,560000.00,70000.00,'{\"at\":\"SEED\",\"type\":\"SHARED_RIDE\",\"routeId\":3,\"passengerCount\":2,\"total\":560000,\"commission\":70000}','DRIVER','WEBSITE','2026-05-25 05:00:00','2026-05-25 05:00:00'),(139,'DX-260525-8RNG',NULL,'Em Tuấn','0910000500','SHARED_RIDE',1,'Sài Gòn → Đức Linh','Quận 12, TP.HCM','Đức Linh','2026-05-30 04:45:00',1,NULL,NULL,NULL,NULL,'WAITING_DISPATCH',250000.00,250000.00,30000.00,'{\"at\":\"SEED\",\"type\":\"SHARED_RIDE\",\"routeId\":1,\"passengerCount\":1,\"total\":250000,\"commission\":30000}','ADMIN','WEBSITE','2026-05-25 05:00:00','2026-05-25 05:00:00'),(140,'DX-260525-9TRF',NULL,'Bà Hoa','0910000952','SHARED_RIDE',4,'Tánh Linh → Sài Gòn','Đồi 61','Quận 12, TP.HCM','2026-06-04 10:45:00',2,NULL,NULL,NULL,NULL,'WAITING_DISPATCH',560000.00,560000.00,70000.00,'{\"at\":\"SEED\",\"type\":\"SHARED_RIDE\",\"routeId\":4,\"passengerCount\":2,\"total\":560000,\"commission\":70000}','DRIVER','WEBSITE','2026-05-25 05:00:00','2026-05-25 05:00:00'),(141,'DX-260525-A96M',NULL,'Chú Trang','0910001121','PRIVATE_RIDE',3,'Sài Gòn → Tánh Linh','Tân Bình, TP.HCM','Mỹ Thanh','2026-06-04 22:00:00',1,NULL,NULL,NULL,NULL,'WAITING_DISPATCH',1200000.00,1200000.00,150000.00,'{\"at\":\"SEED\",\"type\":\"PRIVATE_RIDE\",\"routeId\":3,\"passengerCount\":1,\"total\":1200000,\"commission\":150000}','DRIVER','WEBSITE','2026-05-25 05:00:00','2026-05-25 05:00:00'),(142,'DX-260525-67YR',NULL,'Em Phúc','0910000394','PRIVATE_RIDE',2,'Đức Linh → Sài Gòn','Mỹ Thanh','Bình Tân, TP.HCM','2026-06-08 10:45:00',1,NULL,NULL,NULL,NULL,'WAITING_DISPATCH',1200000.00,1200000.00,150000.00,'{\"at\":\"SEED\",\"type\":\"PRIVATE_RIDE\",\"routeId\":2,\"passengerCount\":1,\"total\":1200000,\"commission\":150000}','DRIVER','WEBSITE','2026-05-25 05:00:00','2026-05-25 05:00:00'),(143,'DX-260525-6NMB',NULL,'Bà Lan','0910000507','SHARED_RIDE',3,'Sài Gòn → Tánh Linh','Bình Tân, TP.HCM','Võ Xu','2026-06-02 03:45:00',1,NULL,NULL,NULL,NULL,'WAITING_DISPATCH',280000.00,280000.00,35000.00,'{\"at\":\"SEED\",\"type\":\"SHARED_RIDE\",\"routeId\":3,\"passengerCount\":1,\"total\":280000,\"commission\":35000}','DRIVER','WEBSITE','2026-05-25 05:00:00','2026-05-25 05:00:00'),(144,'DX-260525-2FJC',NULL,'Anh Tuấn','0910000820','SHARED_RIDE',3,'Sài Gòn → Tánh Linh','Thủ Đức, TP.HCM','Lạc Tánh','2026-06-02 06:30:00',3,NULL,NULL,NULL,NULL,'NEW',840000.00,840000.00,105000.00,'{\"at\":\"SEED\",\"type\":\"SHARED_RIDE\",\"routeId\":3,\"passengerCount\":3,\"total\":840000,\"commission\":105000}','DRIVER','WEBSITE','2026-05-25 05:00:00','2026-05-25 05:00:00'),(145,'DX-260525-4H55',NULL,'Chị Đức','0910000625','PRIVATE_RIDE',2,'Đức Linh → Sài Gòn','Lạc Tánh','Gò Vấp, TP.HCM','2026-06-02 13:00:00',1,NULL,NULL,NULL,NULL,'WAITING_DISPATCH',1200000.00,1200000.00,150000.00,'{\"at\":\"SEED\",\"type\":\"PRIVATE_RIDE\",\"routeId\":2,\"passengerCount\":1,\"total\":1200000,\"commission\":150000}','ADMIN','WEBSITE','2026-05-25 05:00:00','2026-05-25 05:00:00'),(146,'DX-260525-46FV',NULL,'Em Tuấn','0910000965','PRIVATE_RIDE',3,'Sài Gòn → Tánh Linh','Thủ Đức, TP.HCM','Đức Linh','2026-05-27 13:30:00',1,NULL,NULL,NULL,NULL,'WAITING_DISPATCH',1200000.00,1200000.00,150000.00,'{\"at\":\"SEED\",\"type\":\"PRIVATE_RIDE\",\"routeId\":3,\"passengerCount\":1,\"total\":1200000,\"commission\":150000}','DRIVER','WEBSITE','2026-05-25 05:00:00','2026-05-25 05:00:00'),(147,'DX-260525-E7TP',NULL,'Chị Đức','0910000929','SHARED_RIDE',4,'Tánh Linh → Sài Gòn','Lạc Tánh','An Lạc, TP.HCM','2026-05-30 04:15:00',3,NULL,NULL,NULL,NULL,'WAITING_DISPATCH',840000.00,840000.00,105000.00,'{\"at\":\"SEED\",\"type\":\"SHARED_RIDE\",\"routeId\":4,\"passengerCount\":3,\"total\":840000,\"commission\":105000}','DRIVER','WEBSITE','2026-05-25 05:00:00','2026-05-25 05:00:00'),(148,'DX-260525-JBHY',NULL,'Chú Tuấn','0910001129','SHARED_RIDE',3,'Sài Gòn → Tánh Linh','Thủ Đức, TP.HCM','Mỹ Thanh','2026-05-31 03:15:00',2,NULL,NULL,NULL,NULL,'WAITING_DISPATCH',560000.00,560000.00,70000.00,'{\"at\":\"SEED\",\"type\":\"SHARED_RIDE\",\"routeId\":3,\"passengerCount\":2,\"total\":560000,\"commission\":70000}','DRIVER','WEBSITE','2026-05-25 05:00:00','2026-05-25 05:00:00'),(149,'DX-260525-QK4W',NULL,'Chú Nam','0910000452','PRIVATE_RIDE',2,'Đức Linh → Sài Gòn','Nghĩa Chánh','Tân Bình, TP.HCM','2026-06-01 10:15:00',1,NULL,NULL,NULL,NULL,'QUOTED',1200000.00,1200000.00,150000.00,'{\"at\":\"SEED\",\"type\":\"PRIVATE_RIDE\",\"routeId\":2,\"passengerCount\":1,\"total\":1200000,\"commission\":150000}','DRIVER','WEBSITE','2026-05-25 05:00:00','2026-05-25 05:00:00'),(150,'DX-260525-HT7F',NULL,'Anh Đức','0910000391','SHARED_RIDE',3,'Sài Gòn → Tánh Linh','Gò Vấp, TP.HCM','Võ Xu','2026-05-26 23:00:00',1,NULL,NULL,NULL,NULL,'WAITING_DISPATCH',280000.00,280000.00,35000.00,'{\"at\":\"SEED\",\"type\":\"SHARED_RIDE\",\"routeId\":3,\"passengerCount\":1,\"total\":280000,\"commission\":35000}','DRIVER','WEBSITE','2026-05-25 05:00:00','2026-05-25 05:00:00'),(151,'DX-260525-EHA6',NULL,'Anh Linh','0910000867','MARKET',4,'Tánh Linh → Sài Gòn','Võ Xu','Thủ Đức, TP.HCM','2026-06-03 08:15:00',1,NULL,NULL,NULL,NULL,'WAITING_DISPATCH',143698.00,143698.00,20000.00,'{\"at\":\"SEED\",\"type\":\"MARKET\",\"routeId\":4,\"passengerCount\":1,\"total\":143698,\"commission\":20000}','DRIVER','WEBSITE','2026-05-25 05:00:00','2026-05-25 05:00:00'),(152,'DX-260525-3RCU',NULL,'Bà Phúc','0910000977','SHARED_RIDE',3,'Sài Gòn → Tánh Linh','Quận 12, TP.HCM','Lạc Tánh','2026-06-07 05:00:00',4,NULL,NULL,NULL,NULL,'WAITING_DISPATCH',1120000.00,1120000.00,140000.00,'{\"at\":\"SEED\",\"type\":\"SHARED_RIDE\",\"routeId\":3,\"passengerCount\":4,\"total\":1120000,\"commission\":140000}','DRIVER','WEBSITE','2026-05-25 05:00:00','2026-05-25 05:00:00'),(153,'DX-260525-ZSQY',NULL,'Anh Mai','0910001097','SHARED_RIDE',1,'Sài Gòn → Đức Linh','Bình Thạnh, TP.HCM','Đồi 61','2026-06-07 13:30:00',2,NULL,NULL,NULL,NULL,'NEW',500000.00,500000.00,60000.00,'{\"at\":\"SEED\",\"type\":\"SHARED_RIDE\",\"routeId\":1,\"passengerCount\":2,\"total\":500000,\"commission\":60000}','DRIVER','WEBSITE','2026-05-25 05:00:00','2026-05-25 05:00:00'),(154,'DX-260525-YCRD',NULL,'Chú Hùng','0910000735','SHARED_RIDE',2,'Đức Linh → Sài Gòn','Đồi 61','An Lạc, TP.HCM','2026-05-26 22:00:00',2,NULL,NULL,NULL,NULL,'NEW',500000.00,500000.00,60000.00,'{\"at\":\"SEED\",\"type\":\"SHARED_RIDE\",\"routeId\":2,\"passengerCount\":2,\"total\":500000,\"commission\":60000}','ADMIN','WEBSITE','2026-05-25 05:00:00','2026-05-25 05:00:00'),(155,'DX-260525-2VZV',NULL,'Chú Trang','0910001118','SHARED_RIDE',3,'Sài Gòn → Tánh Linh','Quận 12, TP.HCM','Nghĩa Chánh','2026-05-27 07:45:00',1,NULL,NULL,NULL,NULL,'WAITING_DISPATCH',280000.00,280000.00,35000.00,'{\"at\":\"SEED\",\"type\":\"SHARED_RIDE\",\"routeId\":3,\"passengerCount\":1,\"total\":280000,\"commission\":35000}','DRIVER','WEBSITE','2026-05-25 05:00:00','2026-05-25 05:00:00'),(156,'DX-260525-GV6Y',NULL,'Bà Lan','0910000591','SHARED_RIDE',4,'Tánh Linh → Sài Gòn','Võ Xu','An Lạc, TP.HCM','2026-06-06 22:00:00',3,NULL,NULL,NULL,NULL,'WAITING_DISPATCH',840000.00,840000.00,105000.00,'{\"at\":\"SEED\",\"type\":\"SHARED_RIDE\",\"routeId\":4,\"passengerCount\":3,\"total\":840000,\"commission\":105000}','DRIVER','WEBSITE','2026-05-25 05:00:00','2026-05-25 05:00:00'),(157,'DX-260525-LET5',NULL,'Em Hùng','0910000394','SHARED_RIDE',4,'Tánh Linh → Sài Gòn','Đồi 61','An Lạc, TP.HCM','2026-05-29 11:15:00',2,NULL,NULL,NULL,NULL,'WAITING_DISPATCH',560000.00,560000.00,70000.00,'{\"at\":\"SEED\",\"type\":\"SHARED_RIDE\",\"routeId\":4,\"passengerCount\":2,\"total\":560000,\"commission\":70000}','DRIVER','WEBSITE','2026-05-25 05:00:00','2026-05-25 05:00:00'),(158,'DX-260525-83Q9',NULL,'Anh Đức','0910000343','PRIVATE_RIDE',2,'Đức Linh → Sài Gòn','Lạc Tánh','Quận 12, TP.HCM','2026-05-27 12:45:00',1,NULL,NULL,NULL,NULL,'CONTACTED',1200000.00,1200000.00,150000.00,'{\"at\":\"SEED\",\"type\":\"PRIVATE_RIDE\",\"routeId\":2,\"passengerCount\":1,\"total\":1200000,\"commission\":150000}','ADMIN','WEBSITE','2026-05-25 05:00:00','2026-05-25 05:00:00'),(159,'DX-260525-BQVF',NULL,'Cô Phúc','0910000427','PRIVATE_RIDE',2,'Đức Linh → Sài Gòn','Lạc Tánh','Bình Tân, TP.HCM','2026-06-08 10:30:00',1,NULL,NULL,NULL,NULL,'CONTACTED',1200000.00,1200000.00,150000.00,'{\"at\":\"SEED\",\"type\":\"PRIVATE_RIDE\",\"routeId\":2,\"passengerCount\":1,\"total\":1200000,\"commission\":150000}','ADMIN','WEBSITE','2026-05-25 05:00:00','2026-05-25 05:00:00'),(160,'DX-260525-FY5B',NULL,'Cô Lan','0910000687','SHARED_RIDE',4,'Tánh Linh → Sài Gòn','Đồi 61','Gò Vấp, TP.HCM','2026-06-06 13:30:00',3,NULL,NULL,NULL,NULL,'WAITING_DISPATCH',840000.00,840000.00,105000.00,'{\"at\":\"SEED\",\"type\":\"SHARED_RIDE\",\"routeId\":4,\"passengerCount\":3,\"total\":840000,\"commission\":105000}','ADMIN','WEBSITE','2026-05-25 05:00:00','2026-05-25 05:00:00'),(161,'DX-260525-QC84',NULL,'Bà Lan','0910000495','SHARED_RIDE',2,'Đức Linh → Sài Gòn','Đồi 61','Thủ Đức, TP.HCM','2026-06-01 03:00:00',2,NULL,NULL,NULL,NULL,'CONTACTED',500000.00,500000.00,60000.00,'{\"at\":\"SEED\",\"type\":\"SHARED_RIDE\",\"routeId\":2,\"passengerCount\":2,\"total\":500000,\"commission\":60000}','DRIVER','WEBSITE','2026-05-25 05:00:00','2026-05-25 05:00:00'),(162,'DX-260525-H27Z',NULL,'Em Lan','0910000316','SHARED_RIDE',3,'Sài Gòn → Tánh Linh','Bình Thạnh, TP.HCM','Lạc Tánh','2026-06-05 23:00:00',2,NULL,NULL,NULL,NULL,'WAITING_DISPATCH',560000.00,560000.00,70000.00,'{\"at\":\"SEED\",\"type\":\"SHARED_RIDE\",\"routeId\":3,\"passengerCount\":2,\"total\":560000,\"commission\":70000}','DRIVER','WEBSITE','2026-05-25 05:00:00','2026-05-25 05:00:00'),(163,'DX-260525-8JBM',NULL,'Chú Linh','0910001014','SHARED_RIDE',4,'Tánh Linh → Sài Gòn','Đức Linh','Tân Bình, TP.HCM','2026-05-30 23:00:00',1,NULL,NULL,NULL,NULL,'WAITING_DISPATCH',280000.00,280000.00,35000.00,'{\"at\":\"SEED\",\"type\":\"SHARED_RIDE\",\"routeId\":4,\"passengerCount\":1,\"total\":280000,\"commission\":35000}','DRIVER','WEBSITE','2026-05-25 05:00:00','2026-05-25 05:00:00'),(164,'DX-260525-LEQY',NULL,'Em Linh','0910000173','SHARED_RIDE',3,'Sài Gòn → Tánh Linh','Bình Thạnh, TP.HCM','Võ Xu','2026-06-08 04:00:00',2,NULL,NULL,NULL,NULL,'CONTACTED',560000.00,560000.00,70000.00,'{\"at\":\"SEED\",\"type\":\"SHARED_RIDE\",\"routeId\":3,\"passengerCount\":2,\"total\":560000,\"commission\":70000}','DRIVER','WEBSITE','2026-05-25 05:00:00','2026-05-25 05:00:00'),(165,'DX-260525-9M73',NULL,'Chú Linh','0910000294','SHARED_RIDE',1,'Sài Gòn → Đức Linh','Bình Tân, TP.HCM','Mỹ Thanh','2026-05-26 10:15:00',3,NULL,NULL,NULL,NULL,'WAITING_DISPATCH',750000.00,750000.00,90000.00,'{\"at\":\"SEED\",\"type\":\"SHARED_RIDE\",\"routeId\":1,\"passengerCount\":3,\"total\":750000,\"commission\":90000}','DRIVER','WEBSITE','2026-05-25 05:00:00','2026-05-25 05:00:00'),(166,'DX-260525-EEE9',NULL,'Chị Đức','0910000999','SHARED_RIDE',2,'Đức Linh → Sài Gòn','Võ Xu','An Lạc, TP.HCM','2026-06-04 09:30:00',2,NULL,NULL,NULL,NULL,'WAITING_DISPATCH',500000.00,500000.00,60000.00,'{\"at\":\"SEED\",\"type\":\"SHARED_RIDE\",\"routeId\":2,\"passengerCount\":2,\"total\":500000,\"commission\":60000}','DRIVER','WEBSITE','2026-05-25 05:00:00','2026-05-25 05:00:00'),(167,'DX-260525-3HCF',NULL,'Bà Phúc','0910000927','SHARED_RIDE',4,'Tánh Linh → Sài Gòn','Nghĩa Chánh','An Lạc, TP.HCM','2026-06-02 09:00:00',3,NULL,NULL,NULL,NULL,'QUOTED',840000.00,840000.00,105000.00,'{\"at\":\"SEED\",\"type\":\"SHARED_RIDE\",\"routeId\":4,\"passengerCount\":3,\"total\":840000,\"commission\":105000}','DRIVER','WEBSITE','2026-05-25 05:00:00','2026-05-25 05:00:00'),(168,'DX-260525-SEQM',NULL,'Anh Nam','0910000528','SHARED_RIDE',1,'Sài Gòn → Đức Linh','Bình Thạnh, TP.HCM','Lạc Tánh','2026-05-30 09:30:00',4,NULL,NULL,NULL,NULL,'WAITING_DISPATCH',1000000.00,1000000.00,120000.00,'{\"at\":\"SEED\",\"type\":\"SHARED_RIDE\",\"routeId\":1,\"passengerCount\":4,\"total\":1000000,\"commission\":120000}','DRIVER','WEBSITE','2026-05-25 05:00:00','2026-05-25 05:00:00'),(169,'DX-260525-NFKB',NULL,'Anh Mai','0910000883','SHARED_RIDE',1,'Sài Gòn → Đức Linh','Gò Vấp, TP.HCM','Đức Linh','2026-06-08 11:30:00',3,NULL,NULL,NULL,NULL,'COMPLETED',750000.00,750000.00,90000.00,'{\"at\":\"SEED\",\"type\":\"SHARED_RIDE\",\"routeId\":1,\"passengerCount\":3,\"total\":750000,\"commission\":90000}','ADMIN','WEBSITE','2026-05-25 05:00:00','2026-05-25 05:00:00'),(170,'DX-260525-ZT7M',NULL,'Cô Lan','0910000947','SHARED_RIDE',2,'Đức Linh → Sài Gòn','Đức Linh','Gò Vấp, TP.HCM','2026-06-01 01:45:00',4,NULL,NULL,NULL,NULL,'NEW',1000000.00,1000000.00,120000.00,'{\"at\":\"SEED\",\"type\":\"SHARED_RIDE\",\"routeId\":2,\"passengerCount\":4,\"total\":1000000,\"commission\":120000}','DRIVER','WEBSITE','2026-05-25 05:00:00','2026-05-25 05:00:00'),(171,'DX-260525-4EL4',NULL,'Cô Phúc','0910001020','CARGO',3,'Sài Gòn → Tánh Linh','Bình Thạnh, TP.HCM','Mỹ Thanh','2026-06-04 03:45:00',1,NULL,NULL,NULL,NULL,'WAITING_DISPATCH',255000.00,255000.00,20000.00,'{\"at\":\"SEED\",\"type\":\"CARGO\",\"routeId\":3,\"passengerCount\":1,\"total\":255000,\"commission\":20000}','ADMIN','WEBSITE','2026-05-25 05:00:00','2026-05-25 05:00:00'),(172,'DX-260525-H8XB',NULL,'Cô Mai','0910000574','SHARED_RIDE',1,'Sài Gòn → Đức Linh','Tân Bình, TP.HCM','Võ Xu','2026-06-07 06:30:00',4,NULL,NULL,NULL,NULL,'WAITING_DISPATCH',1000000.00,1000000.00,120000.00,'{\"at\":\"SEED\",\"type\":\"SHARED_RIDE\",\"routeId\":1,\"passengerCount\":4,\"total\":1000000,\"commission\":120000}','DRIVER','WEBSITE','2026-05-25 05:00:00','2026-05-25 05:00:00'),(173,'DX-260525-BDF2',NULL,'Chị Linh','0910000523','SHARED_RIDE',2,'Đức Linh → Sài Gòn','Đồi 61','Tân Bình, TP.HCM','2026-06-07 01:15:00',2,NULL,NULL,NULL,NULL,'WAITING_DISPATCH',500000.00,500000.00,60000.00,'{\"at\":\"SEED\",\"type\":\"SHARED_RIDE\",\"routeId\":2,\"passengerCount\":2,\"total\":500000,\"commission\":60000}','DRIVER','WEBSITE','2026-05-25 05:00:00','2026-05-25 05:00:00'),(174,'DX-260525-QPE8',NULL,'Bà Phúc','0910000407','MARKET',3,'Sài Gòn → Tánh Linh','Thủ Đức, TP.HCM','Đức Linh','2026-05-26 03:15:00',1,NULL,NULL,NULL,NULL,'CONTACTED',133015.00,133015.00,20000.00,'{\"at\":\"SEED\",\"type\":\"MARKET\",\"routeId\":3,\"passengerCount\":1,\"total\":133015,\"commission\":20000}','DRIVER','WEBSITE','2026-05-25 05:00:00','2026-05-25 05:00:00'),(175,'DX-260525-38SS',NULL,'Bà Linh','0910000785','CARGO',1,'Sài Gòn → Đức Linh','Tân Bình, TP.HCM','Mỹ Thanh','2026-06-02 13:45:00',1,NULL,NULL,NULL,NULL,'WAITING_DISPATCH',235000.00,235000.00,20000.00,'{\"at\":\"SEED\",\"type\":\"CARGO\",\"routeId\":1,\"passengerCount\":1,\"total\":235000,\"commission\":20000}','DRIVER','WEBSITE','2026-05-25 05:00:00','2026-05-25 05:00:00'),(176,'DX-260525-MS3N',NULL,'Chị Trang','0910000402','CARGO',1,'Sài Gòn → Đức Linh','An Lạc, TP.HCM','Đức Linh','2026-06-01 12:15:00',1,NULL,NULL,NULL,NULL,'WAITING_DISPATCH',195000.00,195000.00,20000.00,'{\"at\":\"SEED\",\"type\":\"CARGO\",\"routeId\":1,\"passengerCount\":1,\"total\":195000,\"commission\":20000}','ADMIN','WEBSITE','2026-05-25 05:00:00','2026-05-25 05:00:00'),(177,'DX-260525-W8RW',NULL,'Chú Hùng','0910000845','SHARED_RIDE',1,'Sài Gòn → Đức Linh','An Lạc, TP.HCM','Võ Xu','2026-05-29 13:30:00',1,NULL,NULL,NULL,NULL,'WAITING_DISPATCH',250000.00,250000.00,30000.00,'{\"at\":\"SEED\",\"type\":\"SHARED_RIDE\",\"routeId\":1,\"passengerCount\":1,\"total\":250000,\"commission\":30000}','DRIVER','WEBSITE','2026-05-25 05:00:00','2026-05-25 05:00:00'),(178,'DX-260525-Z4BV',NULL,'Em Mai','0910000189','SHARED_RIDE',1,'Sài Gòn → Đức Linh','Thủ Đức, TP.HCM','Đồi 61','2026-05-30 06:30:00',4,NULL,NULL,NULL,NULL,'QUOTED',1000000.00,1000000.00,120000.00,'{\"at\":\"SEED\",\"type\":\"SHARED_RIDE\",\"routeId\":1,\"passengerCount\":4,\"total\":1000000,\"commission\":120000}','ADMIN','WEBSITE','2026-05-25 05:00:00','2026-05-25 05:00:00'),(179,'DX-260525-YCZ6',NULL,'Cô Tuấn','0910000218','SHARED_RIDE',1,'Sài Gòn → Đức Linh','Quận 12, TP.HCM','Lạc Tánh','2026-05-28 04:45:00',4,NULL,NULL,NULL,NULL,'NEW',1000000.00,1000000.00,120000.00,'{\"at\":\"SEED\",\"type\":\"SHARED_RIDE\",\"routeId\":1,\"passengerCount\":4,\"total\":1000000,\"commission\":120000}','DRIVER','WEBSITE','2026-05-25 05:00:00','2026-05-25 05:00:00'),(180,'DX-260525-S5Y3',NULL,'Cô Mai','0910000914','SHARED_RIDE',4,'Tánh Linh → Sài Gòn','Đồi 61','Bình Thạnh, TP.HCM','2026-06-07 04:45:00',2,NULL,NULL,NULL,NULL,'NEW',560000.00,560000.00,70000.00,'{\"at\":\"SEED\",\"type\":\"SHARED_RIDE\",\"routeId\":4,\"passengerCount\":2,\"total\":560000,\"commission\":70000}','DRIVER','WEBSITE','2026-05-25 05:00:00','2026-05-25 05:00:00'),(181,'DX-260525-7BFB',NULL,'Anh Hoa','0910000854','MARKET',4,'Tánh Linh → Sài Gòn','Võ Xu','Tân Bình, TP.HCM','2026-05-27 09:00:00',1,NULL,NULL,NULL,NULL,'WAITING_DISPATCH',80633.00,80633.00,20000.00,'{\"at\":\"SEED\",\"type\":\"MARKET\",\"routeId\":4,\"passengerCount\":1,\"total\":80633,\"commission\":20000}','DRIVER','WEBSITE','2026-05-25 05:00:00','2026-05-25 05:00:00'),(182,'DX-260525-PQS6',NULL,'Chú Trang','0910001009','SHARED_RIDE',4,'Tánh Linh → Sài Gòn','Mỹ Thanh','Gò Vấp, TP.HCM','2026-06-07 11:30:00',3,NULL,NULL,NULL,NULL,'WAITING_DISPATCH',840000.00,840000.00,105000.00,'{\"at\":\"SEED\",\"type\":\"SHARED_RIDE\",\"routeId\":4,\"passengerCount\":3,\"total\":840000,\"commission\":105000}','DRIVER','WEBSITE','2026-05-25 05:00:00','2026-05-25 05:00:00'),(183,'DX-260525-BFPA',NULL,'Em Hoa','0910001080','SHARED_RIDE',4,'Tánh Linh → Sài Gòn','Đồi 61','Bình Thạnh, TP.HCM','2026-06-04 09:15:00',2,NULL,NULL,NULL,NULL,'WAITING_DISPATCH',560000.00,560000.00,70000.00,'{\"at\":\"SEED\",\"type\":\"SHARED_RIDE\",\"routeId\":4,\"passengerCount\":2,\"total\":560000,\"commission\":70000}','ADMIN','WEBSITE','2026-05-25 05:00:00','2026-05-25 05:00:00'),(184,'DX-260525-VPKM',NULL,'Anh Lan','0910000530','PRIVATE_RIDE',1,'Sài Gòn → Đức Linh','Bình Thạnh, TP.HCM','Lạc Tánh','2026-05-30 08:15:00',1,NULL,NULL,NULL,NULL,'CONTACTED',1200000.00,1200000.00,150000.00,'{\"at\":\"SEED\",\"type\":\"PRIVATE_RIDE\",\"routeId\":1,\"passengerCount\":1,\"total\":1200000,\"commission\":150000}','DRIVER','WEBSITE','2026-05-25 05:00:00','2026-05-25 05:00:00'),(185,'DX-260525-YNMX',NULL,'Cô Đức','0910000353','PRIVATE_RIDE',3,'Sài Gòn → Tánh Linh','Thủ Đức, TP.HCM','Nghĩa Chánh','2026-05-31 09:15:00',1,NULL,NULL,NULL,NULL,'CONTACTED',1200000.00,1200000.00,150000.00,'{\"at\":\"SEED\",\"type\":\"PRIVATE_RIDE\",\"routeId\":3,\"passengerCount\":1,\"total\":1200000,\"commission\":150000}','DRIVER','WEBSITE','2026-05-25 05:00:00','2026-05-25 05:00:00'),(186,'DX-260525-V33P',NULL,'Cô Tuấn','0910000227','SHARED_RIDE',4,'Tánh Linh → Sài Gòn','Mỹ Thanh','Thủ Đức, TP.HCM','2026-05-29 04:30:00',4,NULL,NULL,NULL,NULL,'QUOTED',1120000.00,1120000.00,140000.00,'{\"at\":\"SEED\",\"type\":\"SHARED_RIDE\",\"routeId\":4,\"passengerCount\":4,\"total\":1120000,\"commission\":140000}','DRIVER','WEBSITE','2026-05-25 05:00:00','2026-05-25 05:00:00'),(187,'DX-260525-VRQH',NULL,'Em Lan','0910000853','SHARED_RIDE',2,'Đức Linh → Sài Gòn','Nghĩa Chánh','Gò Vấp, TP.HCM','2026-06-07 11:45:00',4,NULL,NULL,NULL,NULL,'WAITING_DISPATCH',1000000.00,1000000.00,120000.00,'{\"at\":\"SEED\",\"type\":\"SHARED_RIDE\",\"routeId\":2,\"passengerCount\":4,\"total\":1000000,\"commission\":120000}','DRIVER','WEBSITE','2026-05-25 05:00:00','2026-05-25 05:00:00'),(188,'DX-260525-9486',NULL,'Chú Tuấn','0910000556','SHARED_RIDE',3,'Sài Gòn → Tánh Linh','Tân Bình, TP.HCM','Võ Xu','2026-06-07 23:30:00',1,NULL,NULL,NULL,NULL,'NEW',280000.00,280000.00,35000.00,'{\"at\":\"SEED\",\"type\":\"SHARED_RIDE\",\"routeId\":3,\"passengerCount\":1,\"total\":280000,\"commission\":35000}','DRIVER','WEBSITE','2026-05-25 05:00:00','2026-05-25 05:00:00'),(189,'DX-260525-XFLX',NULL,'Chị Mai','0910000737','SHARED_RIDE',3,'Sài Gòn → Tánh Linh','Thủ Đức, TP.HCM','Lạc Tánh','2026-05-26 23:45:00',3,NULL,NULL,NULL,NULL,'QUOTED',840000.00,840000.00,105000.00,'{\"at\":\"SEED\",\"type\":\"SHARED_RIDE\",\"routeId\":3,\"passengerCount\":3,\"total\":840000,\"commission\":105000}','DRIVER','WEBSITE','2026-05-25 05:00:00','2026-05-25 05:00:00'),(190,'DX-260525-32HN',NULL,'Em Mai','0910000851','SHARED_RIDE',1,'Sài Gòn → Đức Linh','Bình Thạnh, TP.HCM','Lạc Tánh','2026-05-26 10:15:00',2,NULL,NULL,NULL,NULL,'WAITING_DISPATCH',500000.00,500000.00,60000.00,'{\"at\":\"SEED\",\"type\":\"SHARED_RIDE\",\"routeId\":1,\"passengerCount\":2,\"total\":500000,\"commission\":60000}','DRIVER','WEBSITE','2026-05-25 05:00:00','2026-05-25 05:00:00'),(191,'DX-260525-29UN',NULL,'Chú Mai','0910001147','SHARED_RIDE',2,'Đức Linh → Sài Gòn','Đức Linh','Gò Vấp, TP.HCM','2026-06-05 08:30:00',1,NULL,NULL,NULL,NULL,'WAITING_DISPATCH',250000.00,250000.00,30000.00,'{\"at\":\"SEED\",\"type\":\"SHARED_RIDE\",\"routeId\":2,\"passengerCount\":1,\"total\":250000,\"commission\":30000}','DRIVER','WEBSITE','2026-05-25 05:00:00','2026-05-25 05:00:00'),(192,'DX-260525-5BMS',NULL,'Anh Phúc','0910001091','SHARED_RIDE',1,'Sài Gòn → Đức Linh','Bình Thạnh, TP.HCM','Lạc Tánh','2026-06-03 23:15:00',3,NULL,NULL,NULL,NULL,'WAITING_DISPATCH',750000.00,750000.00,90000.00,'{\"at\":\"SEED\",\"type\":\"SHARED_RIDE\",\"routeId\":1,\"passengerCount\":3,\"total\":750000,\"commission\":90000}','DRIVER','WEBSITE','2026-05-25 05:00:00','2026-05-25 05:00:00'),(193,'DX-260525-VRNP',NULL,'Cô Phúc','0910000228','SHARED_RIDE',3,'Sài Gòn → Tánh Linh','Bình Thạnh, TP.HCM','Nghĩa Chánh','2026-05-29 03:00:00',2,NULL,NULL,NULL,NULL,'WAITING_DISPATCH',560000.00,560000.00,70000.00,'{\"at\":\"SEED\",\"type\":\"SHARED_RIDE\",\"routeId\":3,\"passengerCount\":2,\"total\":560000,\"commission\":70000}','DRIVER','WEBSITE','2026-05-25 05:00:00','2026-05-25 05:00:00'),(194,'DX-260525-NT3M',NULL,'Chị Hùng','0910000379','SHARED_RIDE',3,'Sài Gòn → Tánh Linh','Gò Vấp, TP.HCM','Võ Xu','2026-06-06 01:15:00',1,NULL,NULL,NULL,NULL,'WAITING_DISPATCH',280000.00,280000.00,35000.00,'{\"at\":\"SEED\",\"type\":\"SHARED_RIDE\",\"routeId\":3,\"passengerCount\":1,\"total\":280000,\"commission\":35000}','DRIVER','WEBSITE','2026-05-25 05:00:00','2026-05-25 05:00:00'),(195,'DX-260525-2P3Y',NULL,'Em Tuấn','0910000198','PRIVATE_RIDE',1,'Sài Gòn → Đức Linh','Tân Bình, TP.HCM','Lạc Tánh','2026-06-03 12:30:00',1,NULL,NULL,NULL,NULL,'CONTACTED',1200000.00,1200000.00,150000.00,'{\"at\":\"SEED\",\"type\":\"PRIVATE_RIDE\",\"routeId\":1,\"passengerCount\":1,\"total\":1200000,\"commission\":150000}','DRIVER','WEBSITE','2026-05-25 05:00:00','2026-05-25 05:00:00'),(196,'DX-260525-URVH',NULL,'Chú Nam','0910000769','MARKET',3,'Sài Gòn → Tánh Linh','Bình Tân, TP.HCM','Võ Xu','2026-05-29 08:30:00',1,NULL,NULL,NULL,NULL,'WAITING_DISPATCH',109167.00,109167.00,20000.00,'{\"at\":\"SEED\",\"type\":\"MARKET\",\"routeId\":3,\"passengerCount\":1,\"total\":109167,\"commission\":20000}','DRIVER','WEBSITE','2026-05-25 05:00:00','2026-05-25 05:00:00'),(197,'DX-260525-958P',NULL,'Em Mai','0910001032','SHARED_RIDE',1,'Sài Gòn → Đức Linh','An Lạc, TP.HCM','Mỹ Thanh','2026-06-05 04:30:00',1,NULL,NULL,NULL,NULL,'WAITING_DISPATCH',250000.00,250000.00,30000.00,'{\"at\":\"SEED\",\"type\":\"SHARED_RIDE\",\"routeId\":1,\"passengerCount\":1,\"total\":250000,\"commission\":30000}','DRIVER','WEBSITE','2026-05-25 05:00:00','2026-05-25 05:00:00'),(198,'DX-260525-RPMZ',NULL,'Bà Lan','0910000791','SHARED_RIDE',1,'Sài Gòn → Đức Linh','Bình Tân, TP.HCM','Đồi 61','2026-05-27 23:45:00',3,NULL,NULL,NULL,NULL,'WAITING_DISPATCH',750000.00,750000.00,90000.00,'{\"at\":\"SEED\",\"type\":\"SHARED_RIDE\",\"routeId\":1,\"passengerCount\":3,\"total\":750000,\"commission\":90000}','ADMIN','WEBSITE','2026-05-25 05:00:00','2026-05-25 05:00:00'),(199,'DX-260525-SYBQ',NULL,'Em Phúc','0910000617','SHARED_RIDE',3,'Sài Gòn → Tánh Linh','Bình Tân, TP.HCM','Võ Xu','2026-06-01 05:15:00',2,NULL,NULL,NULL,NULL,'COMPLETED',560000.00,560000.00,70000.00,'{\"at\":\"SEED\",\"type\":\"SHARED_RIDE\",\"routeId\":3,\"passengerCount\":2,\"total\":560000,\"commission\":70000}','DRIVER','WEBSITE','2026-05-25 05:00:00','2026-05-25 05:00:00'),(200,'DX-260525-7DBL',NULL,'Chú Lan','0910000868','SHARED_RIDE',1,'Sài Gòn → Đức Linh','Gò Vấp, TP.HCM','Đức Linh','2026-06-05 06:00:00',2,NULL,NULL,NULL,NULL,'CONTACTED',500000.00,500000.00,60000.00,'{\"at\":\"SEED\",\"type\":\"SHARED_RIDE\",\"routeId\":1,\"passengerCount\":2,\"total\":500000,\"commission\":60000}','DRIVER','WEBSITE','2026-05-25 05:00:00','2026-05-25 05:00:00'),(201,'DX-260525-QPJP',NULL,'Cô Hoa','0910000502','SHARED_RIDE',3,'Sài Gòn → Tánh Linh','Thủ Đức, TP.HCM','Đức Linh','2026-05-30 22:30:00',2,NULL,NULL,NULL,NULL,'CONTACTED',560000.00,560000.00,70000.00,'{\"at\":\"SEED\",\"type\":\"SHARED_RIDE\",\"routeId\":3,\"passengerCount\":2,\"total\":560000,\"commission\":70000}','DRIVER','WEBSITE','2026-05-25 05:00:01','2026-05-25 05:00:01'),(202,'DX-260525-VPCP',NULL,'Chị Linh','0910000397','SHARED_RIDE',1,'Sài Gòn → Đức Linh','Bình Tân, TP.HCM','Võ Xu','2026-05-30 08:15:00',3,NULL,NULL,NULL,NULL,'WAITING_DISPATCH',750000.00,750000.00,90000.00,'{\"at\":\"SEED\",\"type\":\"SHARED_RIDE\",\"routeId\":1,\"passengerCount\":3,\"total\":750000,\"commission\":90000}','DRIVER','WEBSITE','2026-05-25 05:00:01','2026-05-25 05:00:01'),(203,'DX-260525-YY9C',NULL,'Anh Nam','0910001048','SHARED_RIDE',2,'Đức Linh → Sài Gòn','Mỹ Thanh','Bình Thạnh, TP.HCM','2026-06-08 13:45:00',3,NULL,NULL,NULL,NULL,'WAITING_DISPATCH',750000.00,750000.00,90000.00,'{\"at\":\"SEED\",\"type\":\"SHARED_RIDE\",\"routeId\":2,\"passengerCount\":3,\"total\":750000,\"commission\":90000}','ADMIN','WEBSITE','2026-05-25 05:00:01','2026-05-25 05:00:01'),(204,'DX-260525-FN2E',NULL,'Anh Nam','0910001192','MARKET',1,'Sài Gòn → Đức Linh','An Lạc, TP.HCM','Mỹ Thanh','2026-06-02 04:15:00',1,NULL,NULL,NULL,NULL,'WAITING_DISPATCH',114630.00,114630.00,20000.00,'{\"at\":\"SEED\",\"type\":\"MARKET\",\"routeId\":1,\"passengerCount\":1,\"total\":114630,\"commission\":20000}','ADMIN','WEBSITE','2026-05-25 05:00:01','2026-05-25 05:00:01'),(205,'DX-260525-6K83',NULL,'Chị Linh','0910000836','SHARED_RIDE',2,'Đức Linh → Sài Gòn','Đức Linh','Gò Vấp, TP.HCM','2026-06-07 03:45:00',4,NULL,NULL,NULL,NULL,'WAITING_DISPATCH',1000000.00,1000000.00,120000.00,'{\"at\":\"SEED\",\"type\":\"SHARED_RIDE\",\"routeId\":2,\"passengerCount\":4,\"total\":1000000,\"commission\":120000}','DRIVER','WEBSITE','2026-05-25 05:00:01','2026-05-25 05:00:01'),(206,'DX-260525-YL9V',NULL,'Anh Hoa','0910000360','SHARED_RIDE',2,'Đức Linh → Sài Gòn','Võ Xu','Bình Thạnh, TP.HCM','2026-06-04 23:45:00',1,NULL,NULL,NULL,NULL,'CONTACTED',250000.00,250000.00,30000.00,'{\"at\":\"SEED\",\"type\":\"SHARED_RIDE\",\"routeId\":2,\"passengerCount\":1,\"total\":250000,\"commission\":30000}','DRIVER','WEBSITE','2026-05-25 05:00:01','2026-05-25 05:00:01'),(207,'DX-260525-N33M',NULL,'Chị Lan','0910000947','SHARED_RIDE',1,'Sài Gòn → Đức Linh','Quận 12, TP.HCM','Nghĩa Chánh','2026-06-02 05:00:00',4,NULL,NULL,NULL,NULL,'CONTACTED',1000000.00,1000000.00,120000.00,'{\"at\":\"SEED\",\"type\":\"SHARED_RIDE\",\"routeId\":1,\"passengerCount\":4,\"total\":1000000,\"commission\":120000}','ADMIN','WEBSITE','2026-05-25 05:00:01','2026-05-25 05:00:01'),(208,'DX-260525-VV7K',NULL,'Bà Hoa','0910000718','SHARED_RIDE',4,'Tánh Linh → Sài Gòn','Đồi 61','Tân Bình, TP.HCM','2026-06-03 10:15:00',4,NULL,NULL,NULL,NULL,'WAITING_DISPATCH',1120000.00,1120000.00,140000.00,'{\"at\":\"SEED\",\"type\":\"SHARED_RIDE\",\"routeId\":4,\"passengerCount\":4,\"total\":1120000,\"commission\":140000}','DRIVER','WEBSITE','2026-05-25 05:00:01','2026-05-25 05:00:01'),(209,'DX-260525-KKW8',NULL,'Cô Hùng','0910000497','MARKET',2,'Đức Linh → Sài Gòn','Nghĩa Chánh','Gò Vấp, TP.HCM','2026-06-07 13:45:00',1,NULL,NULL,NULL,NULL,'WAITING_DISPATCH',81690.00,81690.00,20000.00,'{\"at\":\"SEED\",\"type\":\"MARKET\",\"routeId\":2,\"passengerCount\":1,\"total\":81690,\"commission\":20000}','DRIVER','WEBSITE','2026-05-25 05:00:01','2026-05-25 05:00:01'),(210,'DX-260525-DAVL',NULL,'Bà Hùng','0910000684','CARGO',2,'Đức Linh → Sài Gòn','Đức Linh','Tân Bình, TP.HCM','2026-06-03 11:00:00',1,NULL,NULL,NULL,NULL,'WAITING_DISPATCH',165000.00,165000.00,20000.00,'{\"at\":\"SEED\",\"type\":\"CARGO\",\"routeId\":2,\"passengerCount\":1,\"total\":165000,\"commission\":20000}','ADMIN','WEBSITE','2026-05-25 05:00:01','2026-05-25 05:00:01'),(211,'DX-260525-NYQ4',NULL,'Cô Lan','0910000765','SHARED_RIDE',1,'Sài Gòn → Đức Linh','Bình Tân, TP.HCM','Nghĩa Chánh','2026-06-05 12:15:00',2,NULL,NULL,NULL,NULL,'NEW',500000.00,500000.00,60000.00,'{\"at\":\"SEED\",\"type\":\"SHARED_RIDE\",\"routeId\":1,\"passengerCount\":2,\"total\":500000,\"commission\":60000}','DRIVER','WEBSITE','2026-05-25 05:00:01','2026-05-25 05:00:01'),(212,'DX-260525-YL47',NULL,'Anh Trang','0910001133','CARGO',1,'Sài Gòn → Đức Linh','Tân Bình, TP.HCM','Mỹ Thanh','2026-06-08 13:45:00',1,NULL,NULL,NULL,NULL,'CANCELLED',250000.00,250000.00,20000.00,'{\"at\":\"SEED\",\"type\":\"CARGO\",\"routeId\":1,\"passengerCount\":1,\"total\":250000,\"commission\":20000}','ADMIN','WEBSITE','2026-05-25 05:00:01','2026-05-25 05:00:01'),(213,'DX-260525-YZP6',NULL,'Bà Nam','0910001035','SHARED_RIDE',4,'Tánh Linh → Sài Gòn','Nghĩa Chánh','An Lạc, TP.HCM','2026-05-30 10:30:00',4,NULL,NULL,NULL,NULL,'CONTACTED',1120000.00,1120000.00,140000.00,'{\"at\":\"SEED\",\"type\":\"SHARED_RIDE\",\"routeId\":4,\"passengerCount\":4,\"total\":1120000,\"commission\":140000}','ADMIN','WEBSITE','2026-05-25 05:00:01','2026-05-25 05:00:01'),(214,'DX-260525-UW5W',NULL,'Anh Lan','0910000341','SHARED_RIDE',4,'Tánh Linh → Sài Gòn','Lạc Tánh','Bình Tân, TP.HCM','2026-06-05 04:15:00',4,NULL,NULL,NULL,NULL,'CONTACTED',1120000.00,1120000.00,140000.00,'{\"at\":\"SEED\",\"type\":\"SHARED_RIDE\",\"routeId\":4,\"passengerCount\":4,\"total\":1120000,\"commission\":140000}','DRIVER','WEBSITE','2026-05-25 05:00:01','2026-05-25 05:00:01'),(215,'DX-260525-KVKJ',NULL,'Bà Linh','0910000694','SHARED_RIDE',4,'Tánh Linh → Sài Gòn','Mỹ Thanh','Tân Bình, TP.HCM','2026-06-03 13:15:00',1,NULL,NULL,NULL,NULL,'WAITING_DISPATCH',280000.00,280000.00,35000.00,'{\"at\":\"SEED\",\"type\":\"SHARED_RIDE\",\"routeId\":4,\"passengerCount\":1,\"total\":280000,\"commission\":35000}','ADMIN','WEBSITE','2026-05-25 05:00:01','2026-05-25 05:00:01'),(216,'DX-260525-WWW9',NULL,'Anh Hùng','0910000956','SHARED_RIDE',2,'Đức Linh → Sài Gòn','Đức Linh','Thủ Đức, TP.HCM','2026-06-04 08:45:00',4,NULL,NULL,NULL,NULL,'NEW',1000000.00,1000000.00,120000.00,'{\"at\":\"SEED\",\"type\":\"SHARED_RIDE\",\"routeId\":2,\"passengerCount\":4,\"total\":1000000,\"commission\":120000}','DRIVER','WEBSITE','2026-05-25 05:00:01','2026-05-25 05:00:01'),(217,'DX-260525-SD2H',NULL,'Em Hoa','0910000378','SHARED_RIDE',1,'Sài Gòn → Đức Linh','Quận 12, TP.HCM','Nghĩa Chánh','2026-06-04 02:15:00',3,NULL,NULL,NULL,NULL,'WAITING_DISPATCH',750000.00,750000.00,90000.00,'{\"at\":\"SEED\",\"type\":\"SHARED_RIDE\",\"routeId\":1,\"passengerCount\":3,\"total\":750000,\"commission\":90000}','DRIVER','WEBSITE','2026-05-25 05:00:01','2026-05-25 05:00:01'),(218,'DX-260525-WZHE',NULL,'Bà Hoa','0910000222','SHARED_RIDE',4,'Tánh Linh → Sài Gòn','Đức Linh','An Lạc, TP.HCM','2026-06-04 11:00:00',3,NULL,NULL,NULL,NULL,'NEW',840000.00,840000.00,105000.00,'{\"at\":\"SEED\",\"type\":\"SHARED_RIDE\",\"routeId\":4,\"passengerCount\":3,\"total\":840000,\"commission\":105000}','DRIVER','WEBSITE','2026-05-25 05:00:01','2026-05-25 05:00:01'),(219,'DX-260525-4VRU',NULL,'Chị Nam','0910000631','SHARED_RIDE',1,'Sài Gòn → Đức Linh','Tân Bình, TP.HCM','Mỹ Thanh','2026-05-25 04:00:00',1,NULL,NULL,NULL,NULL,'WAITING_DISPATCH',250000.00,250000.00,30000.00,'{\"at\":\"SEED\",\"type\":\"SHARED_RIDE\",\"routeId\":1,\"passengerCount\":1,\"total\":250000,\"commission\":30000}','ADMIN','WEBSITE','2026-05-25 05:00:01','2026-05-25 05:00:01'),(220,'DX-260525-MXMZ',NULL,'Chị Hoa','0910000363','SHARED_RIDE',4,'Tánh Linh → Sài Gòn','Võ Xu','Tân Bình, TP.HCM','2026-05-26 04:00:00',3,NULL,NULL,NULL,NULL,'CONTACTED',840000.00,840000.00,105000.00,'{\"at\":\"SEED\",\"type\":\"SHARED_RIDE\",\"routeId\":4,\"passengerCount\":3,\"total\":840000,\"commission\":105000}','DRIVER','WEBSITE','2026-05-25 05:00:01','2026-05-25 05:00:01'),(221,'DX-260525-VE3K',NULL,'Chị Hoa','0910000960','SHARED_RIDE',2,'Đức Linh → Sài Gòn','Võ Xu','Bình Thạnh, TP.HCM','2026-05-31 03:45:00',3,NULL,NULL,NULL,NULL,'NEW',750000.00,750000.00,90000.00,'{\"at\":\"SEED\",\"type\":\"SHARED_RIDE\",\"routeId\":2,\"passengerCount\":3,\"total\":750000,\"commission\":90000}','DRIVER','WEBSITE','2026-05-25 05:00:01','2026-05-25 05:00:01'),(222,'DX-260525-8WAP',NULL,'Chị Lan','0910000798','SHARED_RIDE',2,'Đức Linh → Sài Gòn','Lạc Tánh','An Lạc, TP.HCM','2026-05-25 22:30:00',3,NULL,NULL,NULL,NULL,'WAITING_DISPATCH',750000.00,750000.00,90000.00,'{\"at\":\"SEED\",\"type\":\"SHARED_RIDE\",\"routeId\":2,\"passengerCount\":3,\"total\":750000,\"commission\":90000}','DRIVER','WEBSITE','2026-05-25 05:00:01','2026-05-25 05:00:01'),(223,'DX-260525-6Q45',NULL,'Bà Hoa','0910000429','SHARED_RIDE',4,'Tánh Linh → Sài Gòn','Đức Linh','Tân Bình, TP.HCM','2026-05-29 23:45:00',2,NULL,NULL,NULL,NULL,'WAITING_DISPATCH',560000.00,560000.00,70000.00,'{\"at\":\"SEED\",\"type\":\"SHARED_RIDE\",\"routeId\":4,\"passengerCount\":2,\"total\":560000,\"commission\":70000}','DRIVER','WEBSITE','2026-05-25 05:00:01','2026-05-25 05:00:01'),(224,'DX-260525-X8CA',NULL,'Chị Đức','0910000238','SHARED_RIDE',1,'Sài Gòn → Đức Linh','Bình Thạnh, TP.HCM','Nghĩa Chánh','2026-06-08 01:30:00',3,NULL,NULL,NULL,NULL,'NEW',750000.00,750000.00,90000.00,'{\"at\":\"SEED\",\"type\":\"SHARED_RIDE\",\"routeId\":1,\"passengerCount\":3,\"total\":750000,\"commission\":90000}','DRIVER','WEBSITE','2026-05-25 05:00:01','2026-05-25 05:00:01'),(225,'DX-260525-N6BM',NULL,'Cô Hoa','0910000778','CARGO',2,'Đức Linh → Sài Gòn','Nghĩa Chánh','Thủ Đức, TP.HCM','2026-06-05 23:15:00',1,NULL,NULL,NULL,NULL,'WAITING_DISPATCH',130000.00,130000.00,20000.00,'{\"at\":\"SEED\",\"type\":\"CARGO\",\"routeId\":2,\"passengerCount\":1,\"total\":130000,\"commission\":20000}','DRIVER','WEBSITE','2026-05-25 05:00:01','2026-05-25 05:00:01'),(226,'DX-260525-S63C',NULL,'Chị Trang','0910000508','PRIVATE_RIDE',1,'Sài Gòn → Đức Linh','Thủ Đức, TP.HCM','Đức Linh','2026-05-28 09:15:00',1,NULL,NULL,NULL,NULL,'WAITING_DISPATCH',1200000.00,1200000.00,150000.00,'{\"at\":\"SEED\",\"type\":\"PRIVATE_RIDE\",\"routeId\":1,\"passengerCount\":1,\"total\":1200000,\"commission\":150000}','DRIVER','WEBSITE','2026-05-25 05:00:01','2026-05-25 05:00:01'),(227,'DX-260525-VEQ2',NULL,'Anh Đức','0910000546','SHARED_RIDE',2,'Đức Linh → Sài Gòn','Đồi 61','Bình Tân, TP.HCM','2026-05-29 13:45:00',4,NULL,NULL,NULL,NULL,'WAITING_DISPATCH',1000000.00,1000000.00,120000.00,'{\"at\":\"SEED\",\"type\":\"SHARED_RIDE\",\"routeId\":2,\"passengerCount\":4,\"total\":1000000,\"commission\":120000}','DRIVER','WEBSITE','2026-05-25 05:00:01','2026-05-25 05:00:01'),(228,'DX-260525-R9KD',NULL,'Bà Hùng','0910000948','SHARED_RIDE',1,'Sài Gòn → Đức Linh','Thủ Đức, TP.HCM','Đức Linh','2026-05-27 05:45:00',1,NULL,NULL,NULL,NULL,'WAITING_DISPATCH',250000.00,250000.00,30000.00,'{\"at\":\"SEED\",\"type\":\"SHARED_RIDE\",\"routeId\":1,\"passengerCount\":1,\"total\":250000,\"commission\":30000}','DRIVER','WEBSITE','2026-05-25 05:00:01','2026-05-25 05:00:01'),(229,'DX-260525-4KK6',NULL,'Chú Hùng','0910000832','CARGO',4,'Tánh Linh → Sài Gòn','Mỹ Thanh','Tân Bình, TP.HCM','2026-05-25 05:15:00',1,NULL,NULL,NULL,NULL,'NEW',145000.00,145000.00,20000.00,'{\"at\":\"SEED\",\"type\":\"CARGO\",\"routeId\":4,\"passengerCount\":1,\"total\":145000,\"commission\":20000}','DRIVER','WEBSITE','2026-05-25 05:00:01','2026-05-25 05:00:01'),(230,'DX-260525-RXT9',NULL,'Cô Phúc','0910000449','SHARED_RIDE',1,'Sài Gòn → Đức Linh','Quận 12, TP.HCM','Đức Linh','2026-06-01 06:00:00',3,NULL,NULL,NULL,NULL,'NEW',750000.00,750000.00,90000.00,'{\"at\":\"SEED\",\"type\":\"SHARED_RIDE\",\"routeId\":1,\"passengerCount\":3,\"total\":750000,\"commission\":90000}','DRIVER','WEBSITE','2026-05-25 05:00:01','2026-05-25 05:00:01'),(231,'DX-260525-J5LP',NULL,'Cô Hùng','0910001051','CARGO',3,'Sài Gòn → Tánh Linh','Gò Vấp, TP.HCM','Đồi 61','2026-06-06 06:00:00',1,NULL,NULL,NULL,NULL,'WAITING_DISPATCH',155000.00,155000.00,20000.00,'{\"at\":\"SEED\",\"type\":\"CARGO\",\"routeId\":3,\"passengerCount\":1,\"total\":155000,\"commission\":20000}','DRIVER','WEBSITE','2026-05-25 05:00:01','2026-05-25 05:00:01'),(232,'DX-260525-9KVS',NULL,'Chị Hoa','0910000792','SHARED_RIDE',3,'Sài Gòn → Tánh Linh','An Lạc, TP.HCM','Mỹ Thanh','2026-05-30 13:15:00',4,NULL,NULL,NULL,NULL,'WAITING_DISPATCH',1120000.00,1120000.00,140000.00,'{\"at\":\"SEED\",\"type\":\"SHARED_RIDE\",\"routeId\":3,\"passengerCount\":4,\"total\":1120000,\"commission\":140000}','DRIVER','WEBSITE','2026-05-25 05:00:01','2026-05-25 05:00:01'),(233,'DX-260525-NJTS',NULL,'Em Linh','0910001201','SHARED_RIDE',2,'Đức Linh → Sài Gòn','Mỹ Thanh','Thủ Đức, TP.HCM','2026-06-03 09:00:00',3,NULL,NULL,NULL,NULL,'WAITING_DISPATCH',750000.00,750000.00,90000.00,'{\"at\":\"SEED\",\"type\":\"SHARED_RIDE\",\"routeId\":2,\"passengerCount\":3,\"total\":750000,\"commission\":90000}','ADMIN','WEBSITE','2026-05-25 05:00:01','2026-05-25 05:00:01'),(234,'DX-260525-N8TT',NULL,'Em Hoa','0910000288','PRIVATE_RIDE',3,'Sài Gòn → Tánh Linh','Quận 12, TP.HCM','Lạc Tánh','2026-05-26 10:45:00',1,NULL,NULL,NULL,NULL,'CANCELLED',1200000.00,1200000.00,150000.00,'{\"at\":\"SEED\",\"type\":\"PRIVATE_RIDE\",\"routeId\":3,\"passengerCount\":1,\"total\":1200000,\"commission\":150000}','DRIVER','WEBSITE','2026-05-25 05:00:01','2026-05-25 05:00:01'),(235,'DX-260525-DQCY',NULL,'Anh Đức','0910001230','SHARED_RIDE',2,'Đức Linh → Sài Gòn','Võ Xu','Thủ Đức, TP.HCM','2026-06-02 13:15:00',2,NULL,NULL,NULL,NULL,'NEW',500000.00,500000.00,60000.00,'{\"at\":\"SEED\",\"type\":\"SHARED_RIDE\",\"routeId\":2,\"passengerCount\":2,\"total\":500000,\"commission\":60000}','ADMIN','WEBSITE','2026-05-25 05:00:01','2026-05-25 05:00:01'),(236,'DX-260525-57LR',NULL,'Em Nam','0910000692','MARKET',4,'Tánh Linh → Sài Gòn','Mỹ Thanh','Bình Thạnh, TP.HCM','2026-05-27 07:30:00',1,NULL,NULL,NULL,NULL,'WAITING_DISPATCH',112923.00,112923.00,20000.00,'{\"at\":\"SEED\",\"type\":\"MARKET\",\"routeId\":4,\"passengerCount\":1,\"total\":112923,\"commission\":20000}','ADMIN','WEBSITE','2026-05-25 05:00:01','2026-05-25 05:00:01'),(237,'DX-260525-39ZR',NULL,'Cô Hoa','0910000873','CARGO',1,'Sài Gòn → Đức Linh','Bình Tân, TP.HCM','Đức Linh','2026-06-07 08:00:00',1,NULL,NULL,NULL,NULL,'WAITING_DISPATCH',180000.00,180000.00,20000.00,'{\"at\":\"SEED\",\"type\":\"CARGO\",\"routeId\":1,\"passengerCount\":1,\"total\":180000,\"commission\":20000}','DRIVER','WEBSITE','2026-05-25 05:00:01','2026-05-25 05:00:01'),(238,'DX-260525-S36Y',NULL,'Chú Linh','0910000990','PRIVATE_RIDE',2,'Đức Linh → Sài Gòn','Đức Linh','Bình Thạnh, TP.HCM','2026-06-01 03:15:00',1,NULL,NULL,NULL,NULL,'WAITING_DISPATCH',1200000.00,1200000.00,150000.00,'{\"at\":\"SEED\",\"type\":\"PRIVATE_RIDE\",\"routeId\":2,\"passengerCount\":1,\"total\":1200000,\"commission\":150000}','ADMIN','WEBSITE','2026-05-25 05:00:01','2026-05-25 05:00:01'),(239,'DX-260525-FA4N',NULL,'Em Phúc','0910000930','SHARED_RIDE',2,'Đức Linh → Sài Gòn','Lạc Tánh','Tân Bình, TP.HCM','2026-05-26 03:45:00',2,NULL,NULL,NULL,NULL,'WAITING_DISPATCH',500000.00,500000.00,60000.00,'{\"at\":\"SEED\",\"type\":\"SHARED_RIDE\",\"routeId\":2,\"passengerCount\":2,\"total\":500000,\"commission\":60000}','DRIVER','WEBSITE','2026-05-25 05:00:01','2026-05-25 05:00:01'),(240,'DX-260525-4SDE',NULL,'Bà Hùng','0910000992','SHARED_RIDE',4,'Tánh Linh → Sài Gòn','Nghĩa Chánh','Gò Vấp, TP.HCM','2026-06-07 08:00:00',3,NULL,NULL,NULL,NULL,'NEW',840000.00,840000.00,105000.00,'{\"at\":\"SEED\",\"type\":\"SHARED_RIDE\",\"routeId\":4,\"passengerCount\":3,\"total\":840000,\"commission\":105000}','DRIVER','WEBSITE','2026-05-25 05:00:01','2026-05-25 05:00:01'),(241,'DX-260525-RWT4',NULL,'Chú Linh','0910000536','SHARED_RIDE',3,'Sài Gòn → Tánh Linh','Gò Vấp, TP.HCM','Mỹ Thanh','2026-06-04 04:45:00',1,NULL,NULL,NULL,NULL,'WAITING_DISPATCH',280000.00,280000.00,35000.00,'{\"at\":\"SEED\",\"type\":\"SHARED_RIDE\",\"routeId\":3,\"passengerCount\":1,\"total\":280000,\"commission\":35000}','DRIVER','WEBSITE','2026-05-25 05:00:01','2026-05-25 05:00:01'),(242,'DX-260525-3KWV',NULL,'Chú Mai','0910000371','SHARED_RIDE',2,'Đức Linh → Sài Gòn','Lạc Tánh','Bình Tân, TP.HCM','2026-06-03 08:45:00',2,NULL,NULL,NULL,NULL,'CONTACTED',500000.00,500000.00,60000.00,'{\"at\":\"SEED\",\"type\":\"SHARED_RIDE\",\"routeId\":2,\"passengerCount\":2,\"total\":500000,\"commission\":60000}','DRIVER','WEBSITE','2026-05-25 05:00:01','2026-05-25 05:00:01'),(243,'DX-260525-4PPT',NULL,'Chị Lan','0910000279','SHARED_RIDE',3,'Sài Gòn → Tánh Linh','An Lạc, TP.HCM','Lạc Tánh','2026-06-01 22:30:00',4,NULL,NULL,NULL,NULL,'WAITING_DISPATCH',1120000.00,1120000.00,140000.00,'{\"at\":\"SEED\",\"type\":\"SHARED_RIDE\",\"routeId\":3,\"passengerCount\":4,\"total\":1120000,\"commission\":140000}','DRIVER','WEBSITE','2026-05-25 05:00:01','2026-05-25 05:00:01'),(244,'DX-260525-K9TW',NULL,'Cô Tuấn','0910001070','SHARED_RIDE',3,'Sài Gòn → Tánh Linh','Tân Bình, TP.HCM','Võ Xu','2026-05-25 11:15:00',2,NULL,NULL,NULL,NULL,'NEW',560000.00,560000.00,70000.00,'{\"at\":\"SEED\",\"type\":\"SHARED_RIDE\",\"routeId\":3,\"passengerCount\":2,\"total\":560000,\"commission\":70000}','DRIVER','WEBSITE','2026-05-25 05:00:01','2026-05-25 05:00:01'),(245,'DX-260525-CC9F',NULL,'Chị Lan','0910001182','SHARED_RIDE',3,'Sài Gòn → Tánh Linh','Thủ Đức, TP.HCM','Lạc Tánh','2026-06-08 13:00:00',2,NULL,NULL,NULL,NULL,'WAITING_DISPATCH',560000.00,560000.00,70000.00,'{\"at\":\"SEED\",\"type\":\"SHARED_RIDE\",\"routeId\":3,\"passengerCount\":2,\"total\":560000,\"commission\":70000}','DRIVER','WEBSITE','2026-05-25 05:00:01','2026-05-25 05:00:01'),(246,'DX-260525-NLFU',NULL,'Chú Hùng','0910001187','SHARED_RIDE',2,'Đức Linh → Sài Gòn','Nghĩa Chánh','An Lạc, TP.HCM','2026-06-07 01:15:00',1,NULL,NULL,NULL,NULL,'WAITING_DISPATCH',250000.00,250000.00,30000.00,'{\"at\":\"SEED\",\"type\":\"SHARED_RIDE\",\"routeId\":2,\"passengerCount\":1,\"total\":250000,\"commission\":30000}','DRIVER','WEBSITE','2026-05-25 05:00:01','2026-05-25 05:00:01'),(247,'DX-260525-XBA4',NULL,'Chị Nam','0910001043','SHARED_RIDE',2,'Đức Linh → Sài Gòn','Đức Linh','Tân Bình, TP.HCM','2026-05-28 06:15:00',3,NULL,NULL,NULL,NULL,'CONTACTED',750000.00,750000.00,90000.00,'{\"at\":\"SEED\",\"type\":\"SHARED_RIDE\",\"routeId\":2,\"passengerCount\":3,\"total\":750000,\"commission\":90000}','DRIVER','WEBSITE','2026-05-25 05:00:01','2026-05-25 05:00:01'),(248,'DX-260525-EHL5',NULL,'Bà Lan','0910000453','SHARED_RIDE',3,'Sài Gòn → Tánh Linh','Gò Vấp, TP.HCM','Nghĩa Chánh','2026-05-24 23:45:00',3,NULL,NULL,NULL,NULL,'WAITING_DISPATCH',840000.00,840000.00,105000.00,'{\"at\":\"SEED\",\"type\":\"SHARED_RIDE\",\"routeId\":3,\"passengerCount\":3,\"total\":840000,\"commission\":105000}','DRIVER','WEBSITE','2026-05-25 05:00:01','2026-05-25 05:00:01'),(249,'DX-260525-WU3Y',NULL,'Em Phúc','0910001056','SHARED_RIDE',3,'Sài Gòn → Tánh Linh','Bình Thạnh, TP.HCM','Mỹ Thanh','2026-05-27 08:45:00',4,NULL,NULL,NULL,NULL,'NEW',1120000.00,1120000.00,140000.00,'{\"at\":\"SEED\",\"type\":\"SHARED_RIDE\",\"routeId\":3,\"passengerCount\":4,\"total\":1120000,\"commission\":140000}','DRIVER','WEBSITE','2026-05-25 05:00:01','2026-05-25 05:00:01'),(250,'DX-260525-KL5U',NULL,'Chú Mai','0910000631','SHARED_RIDE',1,'Sài Gòn → Đức Linh','Gò Vấp, TP.HCM','Đức Linh','2026-06-04 08:30:00',4,NULL,NULL,NULL,NULL,'WAITING_DISPATCH',1000000.00,1000000.00,120000.00,'{\"at\":\"SEED\",\"type\":\"SHARED_RIDE\",\"routeId\":1,\"passengerCount\":4,\"total\":1000000,\"commission\":120000}','DRIVER','WEBSITE','2026-05-25 05:00:01','2026-05-25 05:00:01'),(251,'DX-260525-GZMZ',NULL,'Cô Tuấn','0910000759','SHARED_RIDE',1,'Sài Gòn → Đức Linh','Thủ Đức, TP.HCM','Võ Xu','2026-06-05 08:15:00',3,NULL,NULL,NULL,NULL,'NEW',750000.00,750000.00,90000.00,'{\"at\":\"SEED\",\"type\":\"SHARED_RIDE\",\"routeId\":1,\"passengerCount\":3,\"total\":750000,\"commission\":90000}','DRIVER','WEBSITE','2026-05-25 05:00:01','2026-05-25 05:00:01'),(252,'DX-260525-U8CF',NULL,'Em Hùng','0910000992','PRIVATE_RIDE',2,'Đức Linh → Sài Gòn','Lạc Tánh','An Lạc, TP.HCM','2026-05-30 11:30:00',1,NULL,NULL,NULL,NULL,'WAITING_DISPATCH',1200000.00,1200000.00,150000.00,'{\"at\":\"SEED\",\"type\":\"PRIVATE_RIDE\",\"routeId\":2,\"passengerCount\":1,\"total\":1200000,\"commission\":150000}','DRIVER','WEBSITE','2026-05-25 05:00:01','2026-05-25 05:00:01'),(253,'DX-260525-4MA9',NULL,'Chú Hùng','0910001053','MARKET',4,'Tánh Linh → Sài Gòn','Võ Xu','Bình Thạnh, TP.HCM','2026-05-27 05:15:00',1,NULL,NULL,NULL,NULL,'WAITING_DISPATCH',94205.00,94205.00,20000.00,'{\"at\":\"SEED\",\"type\":\"MARKET\",\"routeId\":4,\"passengerCount\":1,\"total\":94205,\"commission\":20000}','DRIVER','WEBSITE','2026-05-25 05:00:01','2026-05-25 05:00:01'),(254,'DX-260525-UM4K',NULL,'Anh Hoa','0910000382','SHARED_RIDE',1,'Sài Gòn → Đức Linh','Thủ Đức, TP.HCM','Nghĩa Chánh','2026-06-07 02:30:00',3,NULL,NULL,NULL,NULL,'WAITING_DISPATCH',750000.00,750000.00,90000.00,'{\"at\":\"SEED\",\"type\":\"SHARED_RIDE\",\"routeId\":1,\"passengerCount\":3,\"total\":750000,\"commission\":90000}','DRIVER','WEBSITE','2026-05-25 05:00:01','2026-05-25 05:00:01'),(255,'DX-260525-87CC',NULL,'Bà Tuấn','0910000855','PRIVATE_RIDE',1,'Sài Gòn → Đức Linh','Bình Thạnh, TP.HCM','Mỹ Thanh','2026-05-31 12:15:00',1,NULL,NULL,NULL,NULL,'QUOTED',1200000.00,1200000.00,150000.00,'{\"at\":\"SEED\",\"type\":\"PRIVATE_RIDE\",\"routeId\":1,\"passengerCount\":1,\"total\":1200000,\"commission\":150000}','ADMIN','WEBSITE','2026-05-25 05:00:01','2026-05-25 05:00:01'),(256,'DX-260525-3ET5',NULL,'Chị Đức','0910000423','SHARED_RIDE',1,'Sài Gòn → Đức Linh','Gò Vấp, TP.HCM','Mỹ Thanh','2026-06-01 05:15:00',3,NULL,NULL,NULL,NULL,'CANCELLED',750000.00,750000.00,90000.00,'{\"at\":\"SEED\",\"type\":\"SHARED_RIDE\",\"routeId\":1,\"passengerCount\":3,\"total\":750000,\"commission\":90000}','DRIVER','WEBSITE','2026-05-25 05:00:01','2026-05-25 05:00:01'),(257,'DX-260525-B8YT',NULL,'Bà Phúc','0910000399','PRIVATE_RIDE',2,'Đức Linh → Sài Gòn','Mỹ Thanh','Tân Bình, TP.HCM','2026-06-06 08:15:00',1,NULL,NULL,NULL,NULL,'WAITING_DISPATCH',1200000.00,1200000.00,150000.00,'{\"at\":\"SEED\",\"type\":\"PRIVATE_RIDE\",\"routeId\":2,\"passengerCount\":1,\"total\":1200000,\"commission\":150000}','DRIVER','WEBSITE','2026-05-25 05:00:01','2026-05-25 05:00:01'),(258,'DX-260525-FHKT',NULL,'Chú Tuấn','0910000313','SHARED_RIDE',2,'Đức Linh → Sài Gòn','Lạc Tánh','An Lạc, TP.HCM','2026-06-03 23:45:00',4,NULL,NULL,NULL,NULL,'WAITING_DISPATCH',1000000.00,1000000.00,120000.00,'{\"at\":\"SEED\",\"type\":\"SHARED_RIDE\",\"routeId\":2,\"passengerCount\":4,\"total\":1000000,\"commission\":120000}','DRIVER','WEBSITE','2026-05-25 05:00:01','2026-05-25 05:00:01'),(259,'DX-260525-YW8M',NULL,'Chú Phúc','0910000726','SHARED_RIDE',4,'Tánh Linh → Sài Gòn','Nghĩa Chánh','Gò Vấp, TP.HCM','2026-05-30 08:30:00',2,NULL,NULL,NULL,NULL,'WAITING_DISPATCH',560000.00,560000.00,70000.00,'{\"at\":\"SEED\",\"type\":\"SHARED_RIDE\",\"routeId\":4,\"passengerCount\":2,\"total\":560000,\"commission\":70000}','DRIVER','WEBSITE','2026-05-25 05:00:01','2026-05-25 05:00:01'),(260,'DX-260525-JH2T',NULL,'Em Linh','0910000735','SHARED_RIDE',2,'Đức Linh → Sài Gòn','Mỹ Thanh','Tân Bình, TP.HCM','2026-06-07 08:30:00',2,NULL,NULL,NULL,NULL,'WAITING_DISPATCH',500000.00,500000.00,60000.00,'{\"at\":\"SEED\",\"type\":\"SHARED_RIDE\",\"routeId\":2,\"passengerCount\":2,\"total\":500000,\"commission\":60000}','DRIVER','WEBSITE','2026-05-25 05:00:01','2026-05-25 05:00:01'),(261,'DX-260525-N9WW',NULL,'Anh Trang','0910000879','CARGO',4,'Tánh Linh → Sài Gòn','Nghĩa Chánh','An Lạc, TP.HCM','2026-05-27 04:45:00',1,NULL,NULL,NULL,NULL,'QUOTED',145000.00,145000.00,20000.00,'{\"at\":\"SEED\",\"type\":\"CARGO\",\"routeId\":4,\"passengerCount\":1,\"total\":145000,\"commission\":20000}','DRIVER','WEBSITE','2026-05-25 05:00:01','2026-05-25 05:00:01'),(262,'DX-260525-BDP7',NULL,'Chị Tuấn','0910000705','SHARED_RIDE',1,'Sài Gòn → Đức Linh','Bình Thạnh, TP.HCM','Đức Linh','2026-05-26 08:00:00',3,NULL,NULL,NULL,NULL,'NEW',750000.00,750000.00,90000.00,'{\"at\":\"SEED\",\"type\":\"SHARED_RIDE\",\"routeId\":1,\"passengerCount\":3,\"total\":750000,\"commission\":90000}','DRIVER','WEBSITE','2026-05-25 05:00:01','2026-05-25 05:00:01'),(263,'DX-260525-AB88',NULL,'Em Hùng','0910000805','SHARED_RIDE',4,'Tánh Linh → Sài Gòn','Đồi 61','Gò Vấp, TP.HCM','2026-05-27 03:30:00',3,NULL,NULL,NULL,NULL,'WAITING_DISPATCH',840000.00,840000.00,105000.00,'{\"at\":\"SEED\",\"type\":\"SHARED_RIDE\",\"routeId\":4,\"passengerCount\":3,\"total\":840000,\"commission\":105000}','DRIVER','WEBSITE','2026-05-25 05:00:01','2026-05-25 05:00:01'),(264,'DX-260525-U7CD',NULL,'Chú Mai','0910000312','SHARED_RIDE',2,'Đức Linh → Sài Gòn','Nghĩa Chánh','Bình Tân, TP.HCM','2026-05-26 22:15:00',3,NULL,NULL,NULL,NULL,'NEW',750000.00,750000.00,90000.00,'{\"at\":\"SEED\",\"type\":\"SHARED_RIDE\",\"routeId\":2,\"passengerCount\":3,\"total\":750000,\"commission\":90000}','DRIVER','WEBSITE','2026-05-25 05:00:01','2026-05-25 05:00:01'),(265,'DX-260525-4HFX',NULL,'Chị Trang','0910000784','SHARED_RIDE',2,'Đức Linh → Sài Gòn','Đồi 61','Quận 12, TP.HCM','2026-05-28 12:15:00',1,NULL,NULL,NULL,NULL,'CONTACTED',250000.00,250000.00,30000.00,'{\"at\":\"SEED\",\"type\":\"SHARED_RIDE\",\"routeId\":2,\"passengerCount\":1,\"total\":250000,\"commission\":30000}','ADMIN','WEBSITE','2026-05-25 05:00:01','2026-05-25 05:00:01'),(266,'DX-260525-EGQT',NULL,'Chú Trang','0910001206','PRIVATE_RIDE',1,'Sài Gòn → Đức Linh','Thủ Đức, TP.HCM','Lạc Tánh','2026-05-28 07:30:00',1,NULL,NULL,NULL,NULL,'WAITING_DISPATCH',1200000.00,1200000.00,150000.00,'{\"at\":\"SEED\",\"type\":\"PRIVATE_RIDE\",\"routeId\":1,\"passengerCount\":1,\"total\":1200000,\"commission\":150000}','DRIVER','WEBSITE','2026-05-25 05:00:01','2026-05-25 05:00:01'),(267,'DX-260525-Q5F5',NULL,'Chị Mai','0910000286','SHARED_RIDE',1,'Sài Gòn → Đức Linh','Tân Bình, TP.HCM','Mỹ Thanh','2026-05-29 04:45:00',1,NULL,NULL,NULL,NULL,'WAITING_DISPATCH',250000.00,250000.00,30000.00,'{\"at\":\"SEED\",\"type\":\"SHARED_RIDE\",\"routeId\":1,\"passengerCount\":1,\"total\":250000,\"commission\":30000}','DRIVER','WEBSITE','2026-05-25 05:00:01','2026-05-25 05:00:01'),(268,'DX-260525-V2FA',NULL,'Chú Mai','0910000766','SHARED_RIDE',3,'Sài Gòn → Tánh Linh','Bình Tân, TP.HCM','Võ Xu','2026-05-29 06:45:00',3,NULL,NULL,NULL,NULL,'NEW',840000.00,840000.00,105000.00,'{\"at\":\"SEED\",\"type\":\"SHARED_RIDE\",\"routeId\":3,\"passengerCount\":3,\"total\":840000,\"commission\":105000}','DRIVER','WEBSITE','2026-05-25 05:00:01','2026-05-25 05:00:01'),(269,'DX-260525-4U8G',NULL,'Em Tuấn','0910000616','SHARED_RIDE',3,'Sài Gòn → Tánh Linh','Tân Bình, TP.HCM','Đức Linh','2026-05-26 09:15:00',2,NULL,NULL,NULL,NULL,'WAITING_DISPATCH',560000.00,560000.00,70000.00,'{\"at\":\"SEED\",\"type\":\"SHARED_RIDE\",\"routeId\":3,\"passengerCount\":2,\"total\":560000,\"commission\":70000}','DRIVER','WEBSITE','2026-05-25 05:00:01','2026-05-25 05:00:01'),(270,'DX-260525-928X',NULL,'Cô Linh','0910000844','SHARED_RIDE',3,'Sài Gòn → Tánh Linh','An Lạc, TP.HCM','Đồi 61','2026-05-27 08:00:00',3,NULL,NULL,NULL,NULL,'WAITING_DISPATCH',840000.00,840000.00,105000.00,'{\"at\":\"SEED\",\"type\":\"SHARED_RIDE\",\"routeId\":3,\"passengerCount\":3,\"total\":840000,\"commission\":105000}','DRIVER','WEBSITE','2026-05-25 05:00:01','2026-05-25 05:00:01'),(271,'DX-260525-CEY5',NULL,'Chị Hùng','0910000531','SHARED_RIDE',4,'Tánh Linh → Sài Gòn','Nghĩa Chánh','Thủ Đức, TP.HCM','2026-05-25 12:45:00',1,NULL,NULL,NULL,NULL,'WAITING_DISPATCH',280000.00,280000.00,35000.00,'{\"at\":\"SEED\",\"type\":\"SHARED_RIDE\",\"routeId\":4,\"passengerCount\":1,\"total\":280000,\"commission\":35000}','DRIVER','WEBSITE','2026-05-25 05:00:01','2026-05-25 05:00:01'),(272,'DX-260525-NBF2',NULL,'Bà Phúc','0910001268','SHARED_RIDE',3,'Sài Gòn → Tánh Linh','Bình Thạnh, TP.HCM','Nghĩa Chánh','2026-05-24 23:00:00',1,NULL,NULL,NULL,NULL,'WAITING_DISPATCH',280000.00,280000.00,35000.00,'{\"at\":\"SEED\",\"type\":\"SHARED_RIDE\",\"routeId\":3,\"passengerCount\":1,\"total\":280000,\"commission\":35000}','DRIVER','WEBSITE','2026-05-25 05:00:01','2026-05-25 05:00:01'),(273,'DX-260525-94AX',NULL,'Chú Tuấn','0910000584','SHARED_RIDE',1,'Sài Gòn → Đức Linh','Bình Tân, TP.HCM','Nghĩa Chánh','2026-05-25 00:00:00',2,NULL,NULL,NULL,NULL,'WAITING_DISPATCH',500000.00,500000.00,60000.00,'{\"at\":\"SEED\",\"type\":\"SHARED_RIDE\",\"routeId\":1,\"passengerCount\":2,\"total\":500000,\"commission\":60000}','DRIVER','WEBSITE','2026-05-25 05:00:01','2026-05-25 05:00:01'),(274,'DX-260525-YDF4',NULL,'Anh Hoa','0910000580','SHARED_RIDE',1,'Sài Gòn → Đức Linh','Thủ Đức, TP.HCM','Đồi 61','2026-06-02 11:15:00',2,NULL,NULL,NULL,NULL,'WAITING_DISPATCH',500000.00,500000.00,60000.00,'{\"at\":\"SEED\",\"type\":\"SHARED_RIDE\",\"routeId\":1,\"passengerCount\":2,\"total\":500000,\"commission\":60000}','DRIVER','WEBSITE','2026-05-25 05:00:01','2026-05-25 05:00:01'),(275,'DX-260525-ZNPR',NULL,'Chú Linh','0910000911','SHARED_RIDE',3,'Sài Gòn → Tánh Linh','Tân Bình, TP.HCM','Nghĩa Chánh','2026-05-29 09:00:00',3,NULL,NULL,NULL,NULL,'WAITING_DISPATCH',840000.00,840000.00,105000.00,'{\"at\":\"SEED\",\"type\":\"SHARED_RIDE\",\"routeId\":3,\"passengerCount\":3,\"total\":840000,\"commission\":105000}','DRIVER','WEBSITE','2026-05-25 05:00:01','2026-05-25 05:00:01'),(276,'DX-260525-5CLN',NULL,'Bà Hùng','0910000791','SHARED_RIDE',3,'Sài Gòn → Tánh Linh','Thủ Đức, TP.HCM','Nghĩa Chánh','2026-05-27 07:00:00',1,NULL,NULL,NULL,NULL,'WAITING_DISPATCH',280000.00,280000.00,35000.00,'{\"at\":\"SEED\",\"type\":\"SHARED_RIDE\",\"routeId\":3,\"passengerCount\":1,\"total\":280000,\"commission\":35000}','DRIVER','WEBSITE','2026-05-25 05:00:01','2026-05-25 05:00:01'),(277,'DX-260525-AACR',NULL,'Chú Tuấn','0910000976','CARGO',2,'Đức Linh → Sài Gòn','Đồi 61','An Lạc, TP.HCM','2026-05-31 04:00:00',1,NULL,NULL,NULL,NULL,'NEW',250000.00,250000.00,20000.00,'{\"at\":\"SEED\",\"type\":\"CARGO\",\"routeId\":2,\"passengerCount\":1,\"total\":250000,\"commission\":20000}','DRIVER','WEBSITE','2026-05-25 05:00:01','2026-05-25 05:00:01'),(278,'DX-260525-BDAB',NULL,'Bà Hoa','0910001134','SHARED_RIDE',1,'Sài Gòn → Đức Linh','Bình Tân, TP.HCM','Võ Xu','2026-06-03 22:30:00',4,NULL,NULL,NULL,NULL,'WAITING_DISPATCH',1000000.00,1000000.00,120000.00,'{\"at\":\"SEED\",\"type\":\"SHARED_RIDE\",\"routeId\":1,\"passengerCount\":4,\"total\":1000000,\"commission\":120000}','ADMIN','WEBSITE','2026-05-25 05:00:01','2026-05-25 05:00:01'),(279,'DX-260525-UPZV',NULL,'Cô Nam','0910000629','SHARED_RIDE',2,'Đức Linh → Sài Gòn','Lạc Tánh','Tân Bình, TP.HCM','2026-06-05 05:45:00',3,NULL,NULL,NULL,NULL,'WAITING_DISPATCH',750000.00,750000.00,90000.00,'{\"at\":\"SEED\",\"type\":\"SHARED_RIDE\",\"routeId\":2,\"passengerCount\":3,\"total\":750000,\"commission\":90000}','DRIVER','WEBSITE','2026-05-25 05:00:01','2026-05-25 05:00:01'),(280,'DX-260525-2JWP',NULL,'Chú Tuấn','0910001195','SHARED_RIDE',2,'Đức Linh → Sài Gòn','Nghĩa Chánh','Bình Thạnh, TP.HCM','2026-06-02 06:45:00',4,NULL,NULL,NULL,NULL,'QUOTED',1000000.00,1000000.00,120000.00,'{\"at\":\"SEED\",\"type\":\"SHARED_RIDE\",\"routeId\":2,\"passengerCount\":4,\"total\":1000000,\"commission\":120000}','DRIVER','WEBSITE','2026-05-25 05:00:01','2026-05-25 05:00:01'),(281,'DX-260525-3VFY',NULL,'Bà Lan','0910000315','PRIVATE_RIDE',1,'Sài Gòn → Đức Linh','Tân Bình, TP.HCM','Võ Xu','2026-06-06 10:45:00',1,NULL,NULL,NULL,NULL,'CONTACTED',1200000.00,1200000.00,150000.00,'{\"at\":\"SEED\",\"type\":\"PRIVATE_RIDE\",\"routeId\":1,\"passengerCount\":1,\"total\":1200000,\"commission\":150000}','DRIVER','WEBSITE','2026-05-25 05:00:01','2026-05-25 05:00:01'),(282,'DX-260525-GBL6',NULL,'Chú Trang','0910001015','SHARED_RIDE',3,'Sài Gòn → Tánh Linh','Tân Bình, TP.HCM','Lạc Tánh','2026-06-07 11:30:00',3,NULL,NULL,NULL,NULL,'WAITING_DISPATCH',840000.00,840000.00,105000.00,'{\"at\":\"SEED\",\"type\":\"SHARED_RIDE\",\"routeId\":3,\"passengerCount\":3,\"total\":840000,\"commission\":105000}','DRIVER','WEBSITE','2026-05-25 05:00:01','2026-05-25 05:00:01'),(283,'DX-260525-T9EU',NULL,'Em Trang','0910001174','SHARED_RIDE',1,'Sài Gòn → Đức Linh','Tân Bình, TP.HCM','Mỹ Thanh','2026-05-31 07:00:00',4,NULL,NULL,NULL,NULL,'NEW',1000000.00,1000000.00,120000.00,'{\"at\":\"SEED\",\"type\":\"SHARED_RIDE\",\"routeId\":1,\"passengerCount\":4,\"total\":1000000,\"commission\":120000}','ADMIN','WEBSITE','2026-05-25 05:00:01','2026-05-25 05:00:01'),(284,'DX-260525-QG4M',NULL,'Cô Hùng','0910000485','SHARED_RIDE',4,'Tánh Linh → Sài Gòn','Võ Xu','Bình Tân, TP.HCM','2026-06-08 03:00:00',4,NULL,NULL,NULL,NULL,'CANCELLED',1120000.00,1120000.00,140000.00,'{\"at\":\"SEED\",\"type\":\"SHARED_RIDE\",\"routeId\":4,\"passengerCount\":4,\"total\":1120000,\"commission\":140000}','ADMIN','WEBSITE','2026-05-25 05:00:01','2026-05-25 05:00:01'),(285,'DX-260525-PGPV',NULL,'Em Hùng','0910000812','PRIVATE_RIDE',4,'Tánh Linh → Sài Gòn','Nghĩa Chánh','An Lạc, TP.HCM','2026-05-28 07:45:00',1,NULL,NULL,NULL,NULL,'WAITING_DISPATCH',1200000.00,1200000.00,150000.00,'{\"at\":\"SEED\",\"type\":\"PRIVATE_RIDE\",\"routeId\":4,\"passengerCount\":1,\"total\":1200000,\"commission\":150000}','DRIVER','WEBSITE','2026-05-25 05:00:01','2026-05-25 05:00:01'),(286,'DX-260525-BGDB',NULL,'Bà Trang','0910000712','SHARED_RIDE',4,'Tánh Linh → Sài Gòn','Lạc Tánh','Bình Thạnh, TP.HCM','2026-05-27 02:00:00',2,NULL,NULL,NULL,NULL,'NEW',560000.00,560000.00,70000.00,'{\"at\":\"SEED\",\"type\":\"SHARED_RIDE\",\"routeId\":4,\"passengerCount\":2,\"total\":560000,\"commission\":70000}','DRIVER','WEBSITE','2026-05-25 05:00:01','2026-05-25 05:00:01'),(287,'DX-260525-KC59',NULL,'Bà Lan','0910000476','SHARED_RIDE',2,'Đức Linh → Sài Gòn','Võ Xu','Bình Tân, TP.HCM','2026-05-28 06:15:00',3,NULL,NULL,NULL,NULL,'CONTACTED',750000.00,750000.00,90000.00,'{\"at\":\"SEED\",\"type\":\"SHARED_RIDE\",\"routeId\":2,\"passengerCount\":3,\"total\":750000,\"commission\":90000}','DRIVER','WEBSITE','2026-05-25 05:00:01','2026-05-25 05:00:01'),(288,'DX-260525-6RLB',NULL,'Bà Linh','0910000763','PRIVATE_RIDE',1,'Sài Gòn → Đức Linh','Quận 12, TP.HCM','Võ Xu','2026-06-02 11:45:00',1,NULL,NULL,NULL,NULL,'NEW',1200000.00,1200000.00,150000.00,'{\"at\":\"SEED\",\"type\":\"PRIVATE_RIDE\",\"routeId\":1,\"passengerCount\":1,\"total\":1200000,\"commission\":150000}','DRIVER','WEBSITE','2026-05-25 05:00:01','2026-05-25 05:00:01'),(289,'DX-260525-ZNDF',NULL,'Anh Tuấn','0910000969','SHARED_RIDE',4,'Tánh Linh → Sài Gòn','Đồi 61','Thủ Đức, TP.HCM','2026-05-29 10:15:00',4,NULL,NULL,NULL,NULL,'WAITING_DISPATCH',1120000.00,1120000.00,140000.00,'{\"at\":\"SEED\",\"type\":\"SHARED_RIDE\",\"routeId\":4,\"passengerCount\":4,\"total\":1120000,\"commission\":140000}','DRIVER','WEBSITE','2026-05-25 05:00:01','2026-05-25 05:00:01'),(290,'DX-260525-437M',NULL,'Chị Trang','0910000452','PRIVATE_RIDE',2,'Đức Linh → Sài Gòn','Đức Linh','Tân Bình, TP.HCM','2026-05-31 23:30:00',1,NULL,NULL,NULL,NULL,'WAITING_DISPATCH',1200000.00,1200000.00,150000.00,'{\"at\":\"SEED\",\"type\":\"PRIVATE_RIDE\",\"routeId\":2,\"passengerCount\":1,\"total\":1200000,\"commission\":150000}','DRIVER','WEBSITE','2026-05-25 05:00:01','2026-05-25 05:00:01'),(291,'DX-260525-RXTZ',NULL,'Bà Hoa','0910001280','SHARED_RIDE',2,'Đức Linh → Sài Gòn','Võ Xu','Thủ Đức, TP.HCM','2026-05-28 02:45:00',3,NULL,NULL,NULL,NULL,'COMPLETED',750000.00,750000.00,90000.00,'{\"at\":\"SEED\",\"type\":\"SHARED_RIDE\",\"routeId\":2,\"passengerCount\":3,\"total\":750000,\"commission\":90000}','DRIVER','WEBSITE','2026-05-25 05:00:01','2026-05-25 05:00:01'),(292,'DX-260525-4AXK',NULL,'Cô Hoa','0910001289','SHARED_RIDE',4,'Tánh Linh → Sài Gòn','Nghĩa Chánh','Quận 12, TP.HCM','2026-06-07 22:15:00',1,NULL,NULL,NULL,NULL,'WAITING_DISPATCH',280000.00,280000.00,35000.00,'{\"at\":\"SEED\",\"type\":\"SHARED_RIDE\",\"routeId\":4,\"passengerCount\":1,\"total\":280000,\"commission\":35000}','DRIVER','WEBSITE','2026-05-25 05:00:01','2026-05-25 05:00:01'),(293,'DX-260525-Q9R4',NULL,'Em Hùng','0910000941','SHARED_RIDE',2,'Đức Linh → Sài Gòn','Đức Linh','Bình Tân, TP.HCM','2026-06-08 11:00:00',1,NULL,NULL,NULL,NULL,'WAITING_DISPATCH',250000.00,250000.00,30000.00,'{\"at\":\"SEED\",\"type\":\"SHARED_RIDE\",\"routeId\":2,\"passengerCount\":1,\"total\":250000,\"commission\":30000}','ADMIN','WEBSITE','2026-05-25 05:00:01','2026-05-25 05:00:01'),(294,'DX-260525-H4J5',NULL,'Anh Nam','0910000912','SHARED_RIDE',4,'Tánh Linh → Sài Gòn','Đồi 61','Quận 12, TP.HCM','2026-06-04 04:30:00',2,NULL,NULL,NULL,NULL,'COMPLETED',560000.00,560000.00,70000.00,'{\"at\":\"SEED\",\"type\":\"SHARED_RIDE\",\"routeId\":4,\"passengerCount\":2,\"total\":560000,\"commission\":70000}','DRIVER','WEBSITE','2026-05-25 05:00:01','2026-05-25 05:00:01'),(295,'DX-260525-CRF5',NULL,'Em Nam','0910001075','PRIVATE_RIDE',2,'Đức Linh → Sài Gòn','Đồi 61','Quận 12, TP.HCM','2026-06-03 22:30:00',1,NULL,NULL,NULL,NULL,'WAITING_DISPATCH',1200000.00,1200000.00,150000.00,'{\"at\":\"SEED\",\"type\":\"PRIVATE_RIDE\",\"routeId\":2,\"passengerCount\":1,\"total\":1200000,\"commission\":150000}','ADMIN','WEBSITE','2026-05-25 05:00:01','2026-05-25 05:00:01'),(296,'DX-260525-DGMU',NULL,'Chú Nam','0910000953','PRIVATE_RIDE',1,'Sài Gòn → Đức Linh','Tân Bình, TP.HCM','Mỹ Thanh','2026-05-28 23:30:00',1,NULL,NULL,NULL,NULL,'NEW',1200000.00,1200000.00,150000.00,'{\"at\":\"SEED\",\"type\":\"PRIVATE_RIDE\",\"routeId\":1,\"passengerCount\":1,\"total\":1200000,\"commission\":150000}','DRIVER','WEBSITE','2026-05-25 05:00:01','2026-05-25 05:00:01'),(297,'DX-260525-JQRT',NULL,'Cô Đức','0910000861','SHARED_RIDE',4,'Tánh Linh → Sài Gòn','Nghĩa Chánh','An Lạc, TP.HCM','2026-06-02 12:00:00',3,NULL,NULL,NULL,NULL,'WAITING_DISPATCH',840000.00,840000.00,105000.00,'{\"at\":\"SEED\",\"type\":\"SHARED_RIDE\",\"routeId\":4,\"passengerCount\":3,\"total\":840000,\"commission\":105000}','DRIVER','WEBSITE','2026-05-25 05:00:01','2026-05-25 05:00:01'),(298,'DX-260525-QA7K',NULL,'Chú Lan','0910000627','SHARED_RIDE',4,'Tánh Linh → Sài Gòn','Đức Linh','Bình Tân, TP.HCM','2026-05-26 01:45:00',4,NULL,NULL,NULL,NULL,'WAITING_DISPATCH',1120000.00,1120000.00,140000.00,'{\"at\":\"SEED\",\"type\":\"SHARED_RIDE\",\"routeId\":4,\"passengerCount\":4,\"total\":1120000,\"commission\":140000}','DRIVER','WEBSITE','2026-05-25 05:00:01','2026-05-25 05:00:01'),(299,'DX-260525-RZUP',NULL,'Chú Trang','0910001016','SHARED_RIDE',3,'Sài Gòn → Tánh Linh','Tân Bình, TP.HCM','Võ Xu','2026-05-28 05:15:00',3,NULL,NULL,NULL,NULL,'WAITING_DISPATCH',840000.00,840000.00,105000.00,'{\"at\":\"SEED\",\"type\":\"SHARED_RIDE\",\"routeId\":3,\"passengerCount\":3,\"total\":840000,\"commission\":105000}','DRIVER','WEBSITE','2026-05-25 05:00:01','2026-05-25 05:00:01'),(300,'DX-260525-LTK7',NULL,'Chị Hùng','0910000527','SHARED_RIDE',4,'Tánh Linh → Sài Gòn','Mỹ Thanh','Thủ Đức, TP.HCM','2026-06-06 03:15:00',2,NULL,NULL,NULL,NULL,'WAITING_DISPATCH',560000.00,560000.00,70000.00,'{\"at\":\"SEED\",\"type\":\"SHARED_RIDE\",\"routeId\":4,\"passengerCount\":2,\"total\":560000,\"commission\":70000}','DRIVER','WEBSITE','2026-05-25 05:00:01','2026-05-25 05:00:01'),(301,'DX-260525-A769',NULL,'Chú Nam','0910000924','PRIVATE_RIDE',4,'Tánh Linh → Sài Gòn','Đồi 61','Thủ Đức, TP.HCM','2026-06-06 13:00:00',1,NULL,NULL,NULL,NULL,'CONTACTED',1200000.00,1200000.00,150000.00,'{\"at\":\"SEED\",\"type\":\"PRIVATE_RIDE\",\"routeId\":4,\"passengerCount\":1,\"total\":1200000,\"commission\":150000}','DRIVER','WEBSITE','2026-05-25 05:00:01','2026-05-25 05:00:01');
/*!40000 ALTER TABLE `bookings` ENABLE KEYS */;
UNLOCK TABLES;

--
-- Table structure for table `customers`
--

DROP TABLE IF EXISTS `customers`;
/*!40101 SET @saved_cs_client     = @@character_set_client */;
/*!50503 SET character_set_client = utf8mb4 */;
CREATE TABLE `customers` (
  `id` int(11) NOT NULL AUTO_INCREMENT,
  `user_id` int(11) DEFAULT NULL,
  `name` varchar(255) NOT NULL,
  `phone` varchar(50) NOT NULL,
  `zalo_phone` varchar(50) DEFAULT NULL,
  `note` text DEFAULT NULL,
  `created_at` datetime DEFAULT current_timestamp(),
  `updated_at` datetime DEFAULT current_timestamp() ON UPDATE current_timestamp(),
  PRIMARY KEY (`id`),
  UNIQUE KEY `user_id` (`user_id`),
  CONSTRAINT `customers_ibfk_1` FOREIGN KEY (`user_id`) REFERENCES `users` (`id`)
) ENGINE=InnoDB AUTO_INCREMENT=2 DEFAULT CHARSET=utf8mb4 COLLATE=utf8mb4_unicode_ci;
/*!40101 SET character_set_client = @saved_cs_client */;

--
-- Dumping data for table `customers`
--

LOCK TABLES `customers` WRITE;
/*!40000 ALTER TABLE `customers` DISABLE KEYS */;
INSERT INTO `customers` VALUES (1,3,'Khách Test','0900000002',NULL,NULL,'2026-05-25 11:59:42','2026-05-25 11:59:42');
/*!40000 ALTER TABLE `customers` ENABLE KEYS */;
UNLOCK TABLES;

--
-- Table structure for table `driver_settlement_payments`
--

DROP TABLE IF EXISTS `driver_settlement_payments`;
/*!40101 SET @saved_cs_client     = @@character_set_client */;
/*!50503 SET character_set_client = utf8mb4 */;
CREATE TABLE `driver_settlement_payments` (
  `id` int(11) NOT NULL AUTO_INCREMENT,
  `trip_id` int(11) DEFAULT NULL,
  `driver_id` int(11) NOT NULL,
  `amount` decimal(12,2) NOT NULL,
  `direction` varchar(50) NOT NULL,
  `method` varchar(50) NOT NULL,
  `note` text DEFAULT NULL,
  `created_at` datetime DEFAULT current_timestamp(),
  PRIMARY KEY (`id`)
) ENGINE=InnoDB DEFAULT CHARSET=utf8mb4 COLLATE=utf8mb4_unicode_ci;
/*!40101 SET character_set_client = @saved_cs_client */;

--
-- Dumping data for table `driver_settlement_payments`
--

LOCK TABLES `driver_settlement_payments` WRITE;
/*!40000 ALTER TABLE `driver_settlement_payments` DISABLE KEYS */;
/*!40000 ALTER TABLE `driver_settlement_payments` ENABLE KEYS */;
UNLOCK TABLES;

--
-- Table structure for table `drivers`
--

DROP TABLE IF EXISTS `drivers`;
/*!40101 SET @saved_cs_client     = @@character_set_client */;
/*!50503 SET character_set_client = utf8mb4 */;
CREATE TABLE `drivers` (
  `id` int(11) NOT NULL AUTO_INCREMENT,
  `user_id` int(11) DEFAULT NULL,
  `name` varchar(255) NOT NULL,
  `phone` varchar(50) NOT NULL,
  `zalo_phone` varchar(50) DEFAULT NULL,
  `status` varchar(100) DEFAULT 'Rảnh',
  `current_location` varchar(255) DEFAULT NULL,
  `direction_preference` varchar(255) DEFAULT NULL,
  `seats_free` int(11) DEFAULT 0,
  `note` text DEFAULT NULL,
  `created_at` datetime DEFAULT current_timestamp(),
  `updated_at` datetime DEFAULT current_timestamp() ON UPDATE current_timestamp(),
  PRIMARY KEY (`id`),
  UNIQUE KEY `user_id` (`user_id`),
  CONSTRAINT `drivers_ibfk_1` FOREIGN KEY (`user_id`) REFERENCES `users` (`id`)
) ENGINE=InnoDB AUTO_INCREMENT=21 DEFAULT CHARSET=utf8mb4 COLLATE=utf8mb4_unicode_ci;
/*!40101 SET character_set_client = @saved_cs_client */;

--
-- Dumping data for table `drivers`
--

LOCK TABLES `drivers` WRITE;
/*!40000 ALTER TABLE `drivers` DISABLE KEYS */;
INSERT INTO `drivers` VALUES (1,2,'Anh Tài Xế Một','0900000001',NULL,'Rảnh','Bình Tân','Sài Gòn → Đức Linh/Tánh Linh',4,NULL,'2026-05-25 11:59:42','2026-05-25 04:59:54'),(2,4,'Trần Minh Tuấn','0911000102','0911000102','Rảnh','Tánh Linh','Đức Linh → Sài Gòn',7,NULL,'2026-05-25 04:59:59','2026-05-25 04:59:59'),(3,5,'Lê Hoàng Phúc','0911000103','0911000103','Rảnh','Sài Gòn (HCM)','Sài Gòn → Đức Linh',7,NULL,'2026-05-25 04:59:59','2026-05-25 04:59:59'),(4,6,'Phạm Quốc Bảo','0911000104','0911000104','Rảnh','Tánh Linh','Đức Linh → Sài Gòn',7,NULL,'2026-05-25 04:59:59','2026-05-25 04:59:59'),(5,7,'Hoàng Văn Đức','0911000105','0911000105','Rảnh','Sài Gòn (HCM)','Sài Gòn → Đức Linh',16,NULL,'2026-05-25 04:59:59','2026-05-25 04:59:59'),(6,8,'Võ Thanh Tùng','0911000106','0911000106','Rảnh','Mỹ Thanh','Đức Linh → Sài Gòn',7,NULL,'2026-05-25 04:59:59','2026-05-25 04:59:59'),(7,9,'Đặng Hữu Nam','0911000107','0911000107','Rảnh','Sài Gòn (HCM)','Sài Gòn → Đức Linh',7,NULL,'2026-05-25 04:59:59','2026-05-25 04:59:59'),(8,10,'Bùi Văn Hùng','0911000108','0911000108','Rảnh','Đức Linh','Đức Linh → Sài Gòn',7,NULL,'2026-05-25 04:59:59','2026-05-25 04:59:59'),(9,11,'Ngô Minh Khang','0911000109','0911000109','Rảnh','Sài Gòn (HCM)','Sài Gòn → Đức Linh',16,NULL,'2026-05-25 04:59:59','2026-05-25 04:59:59'),(10,12,'Dương Văn Tài','0911000110','0911000110','Bận','Đức Linh','Đức Linh → Sài Gòn',0,NULL,'2026-05-25 04:59:59','2026-05-25 04:59:59'),(11,13,'Lý Quang Huy','0911000111','0911000111','Rảnh','Sài Gòn (HCM)','Sài Gòn → Đức Linh',7,NULL,'2026-05-25 04:59:59','2026-05-25 04:59:59'),(12,14,'Mai Văn Long','0911000112','0911000112','Nghỉ hôm nay','Đức Linh','Đức Linh → Sài Gòn',0,NULL,'2026-05-25 04:59:59','2026-05-25 04:59:59'),(13,15,'Trương Đình Phát','0911000113','0911000113','Rảnh','Sài Gòn (HCM)','Sài Gòn → Đức Linh',16,NULL,'2026-05-25 04:59:59','2026-05-25 04:59:59'),(14,16,'Hồ Minh Quân','0911000114','0911000114','Rảnh','Mỹ Thanh','Đức Linh → Sài Gòn',7,NULL,'2026-05-25 04:59:59','2026-05-25 04:59:59'),(15,17,'Đinh Văn Thắng','0911000115','0911000115','Rảnh','Sài Gòn (HCM)','Sài Gòn → Đức Linh',7,NULL,'2026-05-25 04:59:59','2026-05-25 04:59:59'),(16,18,'Lâm Hoàng Sơn','0911000116','0911000116','Rảnh','Mỹ Thanh','Đức Linh → Sài Gòn',7,NULL,'2026-05-25 04:59:59','2026-05-25 04:59:59'),(17,19,'Phan Văn Kiệt','0911000117','0911000117','Rảnh','Sài Gòn (HCM)','Sài Gòn → Đức Linh',16,NULL,'2026-05-25 04:59:59','2026-05-25 04:59:59'),(18,20,'Vũ Minh Đạt','0911000118','0911000118','Rảnh','Mỹ Thanh','Đức Linh → Sài Gòn',7,NULL,'2026-05-25 04:59:59','2026-05-25 04:59:59'),(19,21,'Tạ Văn Bình','0911000119','0911000119','Bận','Sài Gòn (HCM)','Sài Gòn → Đức Linh',0,NULL,'2026-05-25 04:59:59','2026-05-25 04:59:59'),(20,22,'Chu Quang Hải','0911000120','0911000120','Rảnh','Tánh Linh','Đức Linh → Sài Gòn',7,NULL,'2026-05-25 04:59:59','2026-05-25 04:59:59');
/*!40000 ALTER TABLE `drivers` ENABLE KEYS */;
UNLOCK TABLES;

--
-- Table structure for table `locations`
--

DROP TABLE IF EXISTS `locations`;
/*!40101 SET @saved_cs_client     = @@character_set_client */;
/*!50503 SET character_set_client = utf8mb4 */;
CREATE TABLE `locations` (
  `id` int(11) NOT NULL AUTO_INCREMENT,
  `name` varchar(255) NOT NULL,
  `slug` varchar(255) NOT NULL,
  `type` varchar(50) NOT NULL,
  `parent_id` int(11) DEFAULT NULL,
  `created_at` datetime DEFAULT current_timestamp(),
  `updated_at` datetime DEFAULT current_timestamp() ON UPDATE current_timestamp(),
  PRIMARY KEY (`id`),
  UNIQUE KEY `slug` (`slug`)
) ENGINE=InnoDB DEFAULT CHARSET=utf8mb4 COLLATE=utf8mb4_unicode_ci;
/*!40101 SET character_set_client = @saved_cs_client */;

--
-- Dumping data for table `locations`
--

LOCK TABLES `locations` WRITE;
/*!40000 ALTER TABLE `locations` DISABLE KEYS */;
/*!40000 ALTER TABLE `locations` ENABLE KEYS */;
UNLOCK TABLES;

--
-- Table structure for table `media_files`
--

DROP TABLE IF EXISTS `media_files`;
/*!40101 SET @saved_cs_client     = @@character_set_client */;
/*!50503 SET character_set_client = utf8mb4 */;
CREATE TABLE `media_files` (
  `id` int(11) NOT NULL AUTO_INCREMENT,
  `original_name` varchar(255) NOT NULL,
  `file_name` varchar(255) NOT NULL,
  `file_url` varchar(500) NOT NULL,
  `mime_type` varchar(100) NOT NULL,
  `size_bytes` int(11) NOT NULL,
  `alt_text` varchar(255) NOT NULL,
  `title` varchar(255) DEFAULT NULL,
  `usage_type` varchar(100) NOT NULL,
  `created_at` datetime DEFAULT current_timestamp(),
  PRIMARY KEY (`id`)
) ENGINE=InnoDB DEFAULT CHARSET=utf8mb4 COLLATE=utf8mb4_unicode_ci;
/*!40101 SET character_set_client = @saved_cs_client */;

--
-- Dumping data for table `media_files`
--

LOCK TABLES `media_files` WRITE;
/*!40000 ALTER TABLE `media_files` DISABLE KEYS */;
/*!40000 ALTER TABLE `media_files` ENABLE KEYS */;
UNLOCK TABLES;

--
-- Table structure for table `notifications`
--

DROP TABLE IF EXISTS `notifications`;
/*!40101 SET @saved_cs_client     = @@character_set_client */;
/*!50503 SET character_set_client = utf8mb4 */;
CREATE TABLE `notifications` (
  `id` int(11) NOT NULL AUTO_INCREMENT,
  `user_id` int(11) NOT NULL,
  `type` varchar(40) NOT NULL,
  `title` varchar(255) NOT NULL,
  `body` text NOT NULL,
  `link` varchar(255) DEFAULT NULL,
  `entity_type` varchar(40) DEFAULT NULL,
  `entity_id` int(11) DEFAULT NULL,
  `read_at` datetime DEFAULT NULL,
  `created_at` datetime DEFAULT current_timestamp(),
  PRIMARY KEY (`id`),
  KEY `idx_notifications_user` (`user_id`,`read_at`,`created_at`),
  CONSTRAINT `notifications_ibfk_1` FOREIGN KEY (`user_id`) REFERENCES `users` (`id`) ON DELETE CASCADE
) ENGINE=InnoDB DEFAULT CHARSET=utf8mb4 COLLATE=utf8mb4_unicode_ci;
/*!40101 SET character_set_client = @saved_cs_client */;

--
-- Dumping data for table `notifications`
--

LOCK TABLES `notifications` WRITE;
/*!40000 ALTER TABLE `notifications` DISABLE KEYS */;
/*!40000 ALTER TABLE `notifications` ENABLE KEYS */;
UNLOCK TABLES;

--
-- Table structure for table `post_categories`
--

DROP TABLE IF EXISTS `post_categories`;
/*!40101 SET @saved_cs_client     = @@character_set_client */;
/*!50503 SET character_set_client = utf8mb4 */;
CREATE TABLE `post_categories` (
  `id` int(11) NOT NULL AUTO_INCREMENT,
  `name` varchar(255) NOT NULL,
  `slug` varchar(255) NOT NULL,
  PRIMARY KEY (`id`),
  UNIQUE KEY `slug` (`slug`)
) ENGINE=InnoDB AUTO_INCREMENT=3 DEFAULT CHARSET=utf8mb4 COLLATE=utf8mb4_unicode_ci;
/*!40101 SET character_set_client = @saved_cs_client */;

--
-- Dumping data for table `post_categories`
--

LOCK TABLES `post_categories` WRITE;
/*!40000 ALTER TABLE `post_categories` DISABLE KEYS */;
INSERT INTO `post_categories` VALUES (1,'Kinh nghiệm đặt xe','kinh-nghiem-dat-xe'),(2,'Gửi hàng về quê','gui-hang-ve-que');
/*!40000 ALTER TABLE `post_categories` ENABLE KEYS */;
UNLOCK TABLES;

--
-- Table structure for table `posts`
--

DROP TABLE IF EXISTS `posts`;
/*!40101 SET @saved_cs_client     = @@character_set_client */;
/*!50503 SET character_set_client = utf8mb4 */;
CREATE TABLE `posts` (
  `id` int(11) NOT NULL AUTO_INCREMENT,
  `title` varchar(255) NOT NULL,
  `slug` varchar(255) NOT NULL,
  `excerpt` text DEFAULT NULL,
  `content` longtext NOT NULL,
  `category_id` int(11) DEFAULT NULL,
  `status` varchar(50) DEFAULT 'DRAFT',
  `published_at` datetime DEFAULT NULL,
  `seo_title` varchar(255) DEFAULT NULL,
  `seo_description` text DEFAULT NULL,
  `created_at` datetime DEFAULT current_timestamp(),
  `updated_at` datetime DEFAULT current_timestamp() ON UPDATE current_timestamp(),
  PRIMARY KEY (`id`),
  UNIQUE KEY `slug` (`slug`),
  KEY `category_id` (`category_id`),
  CONSTRAINT `posts_ibfk_1` FOREIGN KEY (`category_id`) REFERENCES `post_categories` (`id`)
) ENGINE=InnoDB AUTO_INCREMENT=3 DEFAULT CHARSET=utf8mb4 COLLATE=utf8mb4_unicode_ci;
/*!40101 SET character_set_client = @saved_cs_client */;

--
-- Dumping data for table `posts`
--

LOCK TABLES `posts` WRITE;
/*!40000 ALTER TABLE `posts` DISABLE KEYS */;
INSERT INTO `posts` VALUES (1,'Sài Gòn đi Đức Linh bao nhiêu km, mất bao lâu?','sai-gon-di-duc-linh-bao-nhieu-km','Tổng quan thời gian di chuyển, cách đặt xe và lưu ý khi về Đức Linh.','<p>Tuyến Sài Gòn đi Đức Linh phù hợp cho khách về quê cuối tuần, gửi hàng và đi bệnh viện.</p><h2>Có nên đặt xe trước?</h2><p>Nên đặt trước để hệ thống gom khách và sắp tài xế phù hợp.</p>',1,'PUBLISHED','2026-05-25 11:59:42','Sài Gòn đi Đức Linh bao nhiêu km?','Kinh nghiệm đặt xe Sài Gòn đi Đức Linh, thời gian di chuyển và lưu ý.','2026-05-25 11:59:42','2026-05-25 11:59:42'),(2,'Gửi hàng Sài Gòn Đức Linh cần lưu ý gì?','gui-hang-sai-gon-duc-linh-can-luu-y-gi','Lưu ý đóng gói hàng quê, đồ ăn, rau củ, giấy tờ khi gửi xe.','<p>Hàng nên đóng gói kỹ, ghi rõ người gửi/người nhận và số điện thoại.</p>',2,'PUBLISHED','2026-05-25 11:59:42','Gửi hàng Sài Gòn Đức Linh cần lưu ý gì?','Hướng dẫn gửi hàng từ Sài Gòn về Đức Linh và chiều ngược lại.','2026-05-25 11:59:42','2026-05-25 11:59:42');
/*!40000 ALTER TABLE `posts` ENABLE KEYS */;
UNLOCK TABLES;

--
-- Table structure for table `price_rules`
--

DROP TABLE IF EXISTS `price_rules`;
/*!40101 SET @saved_cs_client     = @@character_set_client */;
/*!50503 SET character_set_client = utf8mb4 */;
CREATE TABLE `price_rules` (
  `id` int(11) NOT NULL AUTO_INCREMENT,
  `service_type` enum('SHARED_RIDE','PRIVATE_RIDE','CARGO','MARKET','CONTRACT','WEDDING','TOUR','HOSPITAL','AIRPORT') NOT NULL,
  `route_id` int(11) DEFAULT NULL,
  `vehicle_type` varchar(100) DEFAULT NULL,
  `pricing_type` varchar(50) NOT NULL,
  `base_price` decimal(12,2) DEFAULT 0.00,
  `price_per_person` decimal(12,2) DEFAULT 0.00,
  `price_per_kg` decimal(12,2) DEFAULT 0.00,
  `commission_type` varchar(50) DEFAULT 'FIXED',
  `commission_value` decimal(12,2) DEFAULT 0.00,
  `active` tinyint(1) DEFAULT 1,
  `created_at` datetime DEFAULT current_timestamp(),
  `updated_at` datetime DEFAULT current_timestamp() ON UPDATE current_timestamp(),
  PRIMARY KEY (`id`),
  KEY `route_id` (`route_id`),
  CONSTRAINT `price_rules_ibfk_1` FOREIGN KEY (`route_id`) REFERENCES `routes` (`id`)
) ENGINE=InnoDB AUTO_INCREMENT=19 DEFAULT CHARSET=utf8mb4 COLLATE=utf8mb4_unicode_ci;
/*!40101 SET character_set_client = @saved_cs_client */;

--
-- Dumping data for table `price_rules`
--

LOCK TABLES `price_rules` WRITE;
/*!40000 ALTER TABLE `price_rules` DISABLE KEYS */;
INSERT INTO `price_rules` VALUES (1,'SHARED_RIDE',1,NULL,'PER_PERSON',0.00,250000.00,0.00,'FIXED',30000.00,1,'2026-05-25 11:59:42','2026-05-25 04:59:54'),(2,'SHARED_RIDE',2,NULL,'PER_PERSON',0.00,250000.00,0.00,'FIXED',30000.00,1,'2026-05-25 11:59:42','2026-05-25 04:59:55'),(3,'SHARED_RIDE',3,NULL,'PER_PERSON',0.00,280000.00,0.00,'FIXED',35000.00,1,'2026-05-25 11:59:42','2026-05-25 04:59:55'),(4,'SHARED_RIDE',4,NULL,'PER_PERSON',0.00,280000.00,0.00,'FIXED',35000.00,1,'2026-05-25 11:59:42','2026-05-25 04:59:55'),(5,'PRIVATE_RIDE',1,NULL,'PER_TRIP',1200000.00,0.00,0.00,'FIXED',150000.00,1,'2026-05-25 11:59:42','2026-05-25 04:59:55'),(6,'PRIVATE_RIDE',2,NULL,'PER_TRIP',1200000.00,0.00,0.00,'FIXED',150000.00,1,'2026-05-25 11:59:42','2026-05-25 04:59:55'),(7,'PRIVATE_RIDE',3,NULL,'PER_TRIP',1450000.00,0.00,0.00,'FIXED',180000.00,1,'2026-05-25 11:59:42','2026-05-25 04:59:55'),(8,'PRIVATE_RIDE',4,NULL,'PER_TRIP',1450000.00,0.00,0.00,'FIXED',180000.00,1,'2026-05-25 11:59:42','2026-05-25 04:59:55'),(9,'CARGO',1,NULL,'PER_KG',30000.00,0.00,5000.00,'FIXED',20000.00,1,'2026-05-25 11:59:42','2026-05-25 04:59:55'),(10,'CARGO',2,NULL,'PER_KG',30000.00,0.00,5000.00,'FIXED',20000.00,1,'2026-05-25 11:59:42','2026-05-25 04:59:55'),(11,'CARGO',3,NULL,'PER_KG',35000.00,0.00,6000.00,'FIXED',25000.00,1,'2026-05-25 11:59:42','2026-05-25 04:59:55'),(12,'CARGO',4,NULL,'PER_KG',35000.00,0.00,6000.00,'FIXED',25000.00,1,'2026-05-25 11:59:42','2026-05-25 04:59:55'),(13,'MARKET',NULL,NULL,'PER_TRIP',80000.00,0.00,0.00,'FIXED',15000.00,1,'2026-05-25 11:59:42','2026-05-25 04:59:55'),(14,'CONTRACT',NULL,NULL,'PER_TRIP',1500000.00,0.00,0.00,'PERCENT',10.00,1,'2026-05-25 11:59:42','2026-05-25 04:59:55'),(15,'WEDDING',NULL,NULL,'PER_TRIP',5500000.00,0.00,0.00,'FIXED',500000.00,1,'2026-05-25 11:59:42','2026-05-25 04:59:55'),(16,'TOUR',NULL,NULL,'PER_TRIP',1800000.00,0.00,0.00,'FIXED',200000.00,1,'2026-05-25 11:59:42','2026-05-25 04:59:55'),(17,'HOSPITAL',NULL,NULL,'PER_TRIP',850000.00,0.00,0.00,'FIXED',100000.00,1,'2026-05-25 11:59:42','2026-05-25 04:59:55'),(18,'AIRPORT',NULL,NULL,'PER_TRIP',650000.00,0.00,0.00,'FIXED',80000.00,1,'2026-05-25 11:59:42','2026-05-25 04:59:55');
/*!40000 ALTER TABLE `price_rules` ENABLE KEYS */;
UNLOCK TABLES;

--
-- Table structure for table `routes`
--

DROP TABLE IF EXISTS `routes`;
/*!40101 SET @saved_cs_client     = @@character_set_client */;
/*!50503 SET character_set_client = utf8mb4 */;
CREATE TABLE `routes` (
  `id` int(11) NOT NULL AUTO_INCREMENT,
  `name` varchar(255) NOT NULL,
  `slug` varchar(255) NOT NULL,
  `from_name` varchar(255) NOT NULL,
  `to_name` varchar(255) NOT NULL,
  `direction` varchar(255) NOT NULL,
  `distance_km` decimal(8,2) DEFAULT NULL,
  `estimated_duration_min` int(11) DEFAULT NULL,
  `seo_title` varchar(255) DEFAULT NULL,
  `seo_description` text DEFAULT NULL,
  `content` longtext DEFAULT NULL,
  `status` varchar(100) DEFAULT 'Đang chạy',
  `created_at` datetime DEFAULT current_timestamp(),
  `updated_at` datetime DEFAULT current_timestamp() ON UPDATE current_timestamp(),
  PRIMARY KEY (`id`),
  UNIQUE KEY `slug` (`slug`)
) ENGINE=InnoDB AUTO_INCREMENT=5 DEFAULT CHARSET=utf8mb4 COLLATE=utf8mb4_unicode_ci;
/*!40101 SET character_set_client = @saved_cs_client */;

--
-- Dumping data for table `routes`
--

LOCK TABLES `routes` WRITE;
/*!40000 ALTER TABLE `routes` DISABLE KEYS */;
INSERT INTO `routes` VALUES (1,'Xe Sài Gòn đi Đức Linh','xe-sai-gon-di-duc-linh','Sài Gòn','Đức Linh','Sài Gòn → Đức Linh',150.00,240,'Xe Sài Gòn đi Đức Linh | Xe ghép, bao xe, gửi hàng','Đặt xe Sài Gòn đi Đức Linh, nhận xe ghép, bao xe 4-7 chỗ, gửi hàng, đi chợ quê.','Tuyến Sài Gòn đi Đức Linh hỗ trợ xe ghép, bao xe, gửi hàng và đi chợ quê.','Đang chạy','2026-05-25 11:59:42','2026-05-25 04:59:54'),(2,'Xe Đức Linh đi Sài Gòn','xe-duc-linh-di-sai-gon','Đức Linh','Sài Gòn','Đức Linh → Sài Gòn',150.00,240,'Xe Đức Linh đi Sài Gòn | Đón trả tận nơi','Đặt xe Đức Linh đi Sài Gòn, hỗ trợ khách về lại thành phố.','Tuyến Đức Linh đi Sài Gòn hỗ trợ nhiều khung giờ.','Đang chạy','2026-05-25 11:59:42','2026-05-25 04:59:54'),(3,'Xe Sài Gòn đi Tánh Linh','xe-sai-gon-di-tanh-linh','Sài Gòn','Tánh Linh','Sài Gòn → Tánh Linh',178.00,270,'Xe Sài Gòn đi Tánh Linh | Xe ghép, bao xe','Đặt xe Sài Gòn đi Tánh Linh, xe ghép, bao xe, gửi hàng.','Tuyến Sài Gòn đi Tánh Linh hỗ trợ Lạc Tánh, Bắc Ruộng, Đồng Kho.','Đang chạy','2026-05-25 11:59:42','2026-05-25 04:59:54'),(4,'Xe Tánh Linh đi Sài Gòn','xe-tanh-linh-di-sai-gon','Tánh Linh','Sài Gòn','Tánh Linh → Sài Gòn',178.00,270,'Xe Tánh Linh đi Sài Gòn | Đặt xe nhanh','Đặt xe Tánh Linh đi Sài Gòn, hỗ trợ đón trả tận nơi.','Tuyến Tánh Linh đi Sài Gòn hỗ trợ khách, hàng hóa và xe riêng.','Đang chạy','2026-05-25 11:59:42','2026-05-25 04:59:54');
/*!40000 ALTER TABLE `routes` ENABLE KEYS */;
UNLOCK TABLES;

--
-- Table structure for table `services`
--

DROP TABLE IF EXISTS `services`;
/*!40101 SET @saved_cs_client     = @@character_set_client */;
/*!50503 SET character_set_client = utf8mb4 */;
CREATE TABLE `services` (
  `id` int(11) NOT NULL AUTO_INCREMENT,
  `name` varchar(255) NOT NULL,
  `slug` varchar(255) NOT NULL,
  `type` enum('SHARED_RIDE','PRIVATE_RIDE','CARGO','MARKET','CONTRACT','WEDDING','TOUR','HOSPITAL','AIRPORT') NOT NULL,
  `description` text DEFAULT NULL,
  `status` varchar(100) DEFAULT 'Đang bật',
  `created_at` datetime DEFAULT current_timestamp(),
  `updated_at` datetime DEFAULT current_timestamp() ON UPDATE current_timestamp(),
  PRIMARY KEY (`id`),
  UNIQUE KEY `slug` (`slug`),
  UNIQUE KEY `type` (`type`)
) ENGINE=InnoDB AUTO_INCREMENT=10 DEFAULT CHARSET=utf8mb4 COLLATE=utf8mb4_unicode_ci;
/*!40101 SET character_set_client = @saved_cs_client */;

--
-- Dumping data for table `services`
--

LOCK TABLES `services` WRITE;
/*!40000 ALTER TABLE `services` DISABLE KEYS */;
INSERT INTO `services` VALUES (1,'Xe ghép','xe-ghep','SHARED_RIDE','Gom khách theo tuyến cố định','Đang bật','2026-05-25 11:59:42','2026-05-25 04:59:54'),(2,'Bao xe','bao-xe','PRIVATE_RIDE','Xe riêng 4-7-16 chỗ','Đang bật','2026-05-25 11:59:42','2026-05-25 04:59:54'),(3,'Gửi hàng','gui-hang','CARGO','Gửi hàng hai chiều','Đang bật','2026-05-25 11:59:42','2026-05-25 04:59:54'),(4,'Đi chợ quê','di-cho-que','MARKET','Mua hộ đồ quê','Đang bật','2026-05-25 11:59:42','2026-05-25 04:59:54'),(5,'Xe hợp đồng','xe-hop-dong','CONTRACT','Thuê xe theo lịch trình','Đang bật','2026-05-25 11:59:42','2026-05-25 04:59:54'),(6,'Xe đám cưới','xe-dam-cuoi','WEDDING','Đám cưới, đón dâu rước dâu','Đang bật','2026-05-25 11:59:42','2026-05-25 04:59:54'),(7,'Xe tham quan','xe-tham-quan','TOUR','Tour trong ngày / nhiều ngày','Đang bật','2026-05-25 11:59:42','2026-05-25 04:59:54'),(8,'Xe bệnh viện','xe-di-benh-vien','HOSPITAL','Đưa đón bệnh viện','Đang bật','2026-05-25 11:59:42','2026-05-25 04:59:54'),(9,'Xe sân bay','xe-san-bay','AIRPORT','Đón tiễn sân bay','Đang bật','2026-05-25 11:59:42','2026-05-25 04:59:54');
/*!40000 ALTER TABLE `services` ENABLE KEYS */;
UNLOCK TABLES;

--
-- Table structure for table `site_settings`
--

DROP TABLE IF EXISTS `site_settings`;
/*!40101 SET @saved_cs_client     = @@character_set_client */;
/*!50503 SET character_set_client = utf8mb4 */;
CREATE TABLE `site_settings` (
  `id` int(11) NOT NULL AUTO_INCREMENT,
  `key` varchar(100) NOT NULL,
  `value` text DEFAULT NULL,
  `group_name` varchar(100) DEFAULT 'general',
  `created_at` datetime DEFAULT current_timestamp(),
  `updated_at` datetime DEFAULT current_timestamp() ON UPDATE current_timestamp(),
  PRIMARY KEY (`id`),
  UNIQUE KEY `key` (`key`)
) ENGINE=InnoDB AUTO_INCREMENT=8 DEFAULT CHARSET=utf8mb4 COLLATE=utf8mb4_unicode_ci;
/*!40101 SET character_set_client = @saved_cs_client */;

--
-- Dumping data for table `site_settings`
--

LOCK TABLES `site_settings` WRITE;
/*!40000 ALTER TABLE `site_settings` DISABLE KEYS */;
INSERT INTO `site_settings` VALUES (1,'brand_name','Đặt Xe Về Quê','general','2026-05-25 11:59:42','2026-05-25 11:59:42'),(2,'slogan','Dịch vụ vận chuyển quê nhà chuyên nghiệp','general','2026-05-25 11:59:42','2026-05-25 11:59:42'),(3,'hotline_primary','0900000000','contact','2026-05-25 11:59:42','2026-05-25 11:59:42'),(4,'zalo_url','https://zalo.me/0900000000','contact','2026-05-25 11:59:42','2026-05-25 11:59:42'),(5,'facebook_page_url','https://facebook.com/datxeveque','contact','2026-05-25 11:59:42','2026-05-25 11:59:42'),(6,'email','hotro@datxeveque.vn','contact','2026-05-25 11:59:42','2026-05-25 11:59:42'),(7,'service_area','Sài Gòn, Đức Linh, Tánh Linh','contact','2026-05-25 11:59:42','2026-05-25 04:59:54');
/*!40000 ALTER TABLE `site_settings` ENABLE KEYS */;
UNLOCK TABLES;

--
-- Table structure for table `trip_bookings`
--

DROP TABLE IF EXISTS `trip_bookings`;
/*!40101 SET @saved_cs_client     = @@character_set_client */;
/*!50503 SET character_set_client = utf8mb4 */;
CREATE TABLE `trip_bookings` (
  `id` int(11) NOT NULL AUTO_INCREMENT,
  `trip_id` int(11) NOT NULL,
  `booking_id` int(11) NOT NULL,
  `created_at` datetime DEFAULT current_timestamp(),
  PRIMARY KEY (`id`),
  UNIQUE KEY `trip_booking_unique` (`trip_id`,`booking_id`),
  KEY `booking_id` (`booking_id`),
  CONSTRAINT `trip_bookings_ibfk_1` FOREIGN KEY (`trip_id`) REFERENCES `trips` (`id`),
  CONSTRAINT `trip_bookings_ibfk_2` FOREIGN KEY (`booking_id`) REFERENCES `bookings` (`id`)
) ENGINE=InnoDB AUTO_INCREMENT=2 DEFAULT CHARSET=utf8mb4 COLLATE=utf8mb4_unicode_ci;
/*!40101 SET character_set_client = @saved_cs_client */;

--
-- Dumping data for table `trip_bookings`
--

LOCK TABLES `trip_bookings` WRITE;
/*!40000 ALTER TABLE `trip_bookings` DISABLE KEYS */;
/*!40000 ALTER TABLE `trip_bookings` ENABLE KEYS */;
UNLOCK TABLES;

--
-- Table structure for table `trip_financial_snapshots`
--

DROP TABLE IF EXISTS `trip_financial_snapshots`;
/*!40101 SET @saved_cs_client     = @@character_set_client */;
/*!50503 SET character_set_client = utf8mb4 */;
CREATE TABLE `trip_financial_snapshots` (
  `id` int(11) NOT NULL AUTO_INCREMENT,
  `trip_id` int(11) NOT NULL,
  `event_type` varchar(50) NOT NULL DEFAULT 'COMPLETED',
  `snapshot_json` longtext NOT NULL,
  `completed_by` varchar(20) DEFAULT NULL,
  `user_id` int(11) DEFAULT NULL,
  `created_at` datetime DEFAULT current_timestamp(),
  PRIMARY KEY (`id`),
  KEY `trip_id` (`trip_id`),
  CONSTRAINT `trip_financial_snapshots_ibfk_1` FOREIGN KEY (`trip_id`) REFERENCES `trips` (`id`)
) ENGINE=InnoDB DEFAULT CHARSET=utf8mb4 COLLATE=utf8mb4_unicode_ci;
/*!40101 SET character_set_client = @saved_cs_client */;

--
-- Dumping data for table `trip_financial_snapshots`
--

LOCK TABLES `trip_financial_snapshots` WRITE;
/*!40000 ALTER TABLE `trip_financial_snapshots` DISABLE KEYS */;
/*!40000 ALTER TABLE `trip_financial_snapshots` ENABLE KEYS */;
UNLOCK TABLES;

--
-- Table structure for table `trips`
--

DROP TABLE IF EXISTS `trips`;
/*!40101 SET @saved_cs_client     = @@character_set_client */;
/*!50503 SET character_set_client = utf8mb4 */;
CREATE TABLE `trips` (
  `id` int(11) NOT NULL AUTO_INCREMENT,
  `code` varchar(50) NOT NULL,
  `route_id` int(11) NOT NULL,
  `driver_id` int(11) DEFAULT NULL,
  `vehicle_id` int(11) DEFAULT NULL,
  `departure_at` datetime NOT NULL,
  `total_seats` int(11) DEFAULT 0,
  `booked_seats` int(11) DEFAULT 0,
  `available_seats` int(11) DEFAULT 0,
  `status` enum('COLLECTING','READY','IN_PROGRESS','COMPLETED','CANCELLED') DEFAULT 'COLLECTING',
  `total_customer_amount` decimal(12,2) DEFAULT 0.00,
  `admin_commission` decimal(12,2) DEFAULT 0.00,
  `driver_net_amount` decimal(12,2) DEFAULT 0.00,
  `driver_debt_amount` decimal(12,2) DEFAULT 0.00,
  `admin_owes_driver_amount` decimal(12,2) DEFAULT 0.00,
  `settlement_status` enum('PENDING','PARTIAL','PAID','RECONCILED','WAIVED','DISPUTED') DEFAULT 'PENDING',
  `completed_at` datetime DEFAULT NULL,
  `note` text DEFAULT NULL,
  `created_at` datetime DEFAULT current_timestamp(),
  `updated_at` datetime DEFAULT current_timestamp() ON UPDATE current_timestamp(),
  PRIMARY KEY (`id`),
  UNIQUE KEY `code` (`code`),
  KEY `route_id` (`route_id`),
  KEY `driver_id` (`driver_id`),
  KEY `vehicle_id` (`vehicle_id`),
  CONSTRAINT `trips_ibfk_1` FOREIGN KEY (`route_id`) REFERENCES `routes` (`id`),
  CONSTRAINT `trips_ibfk_2` FOREIGN KEY (`driver_id`) REFERENCES `drivers` (`id`),
  CONSTRAINT `trips_ibfk_3` FOREIGN KEY (`vehicle_id`) REFERENCES `vehicles` (`id`)
) ENGINE=InnoDB AUTO_INCREMENT=2 DEFAULT CHARSET=utf8mb4 COLLATE=utf8mb4_unicode_ci;
/*!40101 SET character_set_client = @saved_cs_client */;

--
-- Dumping data for table `trips`
--

LOCK TABLES `trips` WRITE;
/*!40000 ALTER TABLE `trips` DISABLE KEYS */;
/*!40000 ALTER TABLE `trips` ENABLE KEYS */;
UNLOCK TABLES;

--
-- Table structure for table `users`
--

DROP TABLE IF EXISTS `users`;
/*!40101 SET @saved_cs_client     = @@character_set_client */;
/*!50503 SET character_set_client = utf8mb4 */;
CREATE TABLE `users` (
  `id` int(11) NOT NULL AUTO_INCREMENT,
  `name` varchar(255) NOT NULL,
  `phone` varchar(50) NOT NULL,
  `email` varchar(255) DEFAULT NULL,
  `password_hash` varchar(255) NOT NULL,
  `role` enum('ADMIN','DISPATCHER','ACCOUNTANT','DRIVER','CUSTOMER') NOT NULL,
  `status` enum('ACTIVE','LOCKED') NOT NULL DEFAULT 'ACTIVE',
  `created_at` datetime NOT NULL DEFAULT current_timestamp(),
  `updated_at` datetime NOT NULL DEFAULT current_timestamp() ON UPDATE current_timestamp(),
  PRIMARY KEY (`id`),
  UNIQUE KEY `phone` (`phone`),
  UNIQUE KEY `email` (`email`)
) ENGINE=InnoDB AUTO_INCREMENT=23 DEFAULT CHARSET=utf8mb4 COLLATE=utf8mb4_unicode_ci;
/*!40101 SET character_set_client = @saved_cs_client */;

--
-- Dumping data for table `users`
--

LOCK TABLES `users` WRITE;
/*!40000 ALTER TABLE `users` DISABLE KEYS */;
INSERT INTO `users` VALUES (1,'Admin Đặt Xe','0900000000','admin@datxeveque.vn','admin123','ADMIN','ACTIVE','2026-05-25 11:59:42','2026-05-25 11:59:42'),(2,'Anh Tài Xế Một','0900000001','taixe@datxeveque.vn','taixe123','DRIVER','ACTIVE','2026-05-25 11:59:42','2026-05-25 11:59:42'),(3,'Khách Test','0900000002','khach@datxeveque.vn','khach123','CUSTOMER','ACTIVE','2026-05-25 11:59:42','2026-05-25 11:59:42'),(4,'Trần Minh Tuấn','0911000102','taixe02@test.dxvq.local','taixe123','DRIVER','ACTIVE','2026-05-25 04:59:59','2026-05-25 04:59:59'),(5,'Lê Hoàng Phúc','0911000103','taixe03@test.dxvq.local','taixe123','DRIVER','ACTIVE','2026-05-25 04:59:59','2026-05-25 04:59:59'),(6,'Phạm Quốc Bảo','0911000104','taixe04@test.dxvq.local','taixe123','DRIVER','ACTIVE','2026-05-25 04:59:59','2026-05-25 04:59:59'),(7,'Hoàng Văn Đức','0911000105','taixe05@test.dxvq.local','taixe123','DRIVER','ACTIVE','2026-05-25 04:59:59','2026-05-25 04:59:59'),(8,'Võ Thanh Tùng','0911000106','taixe06@test.dxvq.local','taixe123','DRIVER','ACTIVE','2026-05-25 04:59:59','2026-05-25 04:59:59'),(9,'Đặng Hữu Nam','0911000107','taixe07@test.dxvq.local','taixe123','DRIVER','ACTIVE','2026-05-25 04:59:59','2026-05-25 04:59:59'),(10,'Bùi Văn Hùng','0911000108','taixe08@test.dxvq.local','taixe123','DRIVER','ACTIVE','2026-05-25 04:59:59','2026-05-25 04:59:59'),(11,'Ngô Minh Khang','0911000109','taixe09@test.dxvq.local','taixe123','DRIVER','ACTIVE','2026-05-25 04:59:59','2026-05-25 04:59:59'),(12,'Dương Văn Tài','0911000110','taixe10@test.dxvq.local','taixe123','DRIVER','ACTIVE','2026-05-25 04:59:59','2026-05-25 04:59:59'),(13,'Lý Quang Huy','0911000111','taixe11@test.dxvq.local','taixe123','DRIVER','ACTIVE','2026-05-25 04:59:59','2026-05-25 04:59:59'),(14,'Mai Văn Long','0911000112','taixe12@test.dxvq.local','taixe123','DRIVER','ACTIVE','2026-05-25 04:59:59','2026-05-25 04:59:59'),(15,'Trương Đình Phát','0911000113','taixe13@test.dxvq.local','taixe123','DRIVER','ACTIVE','2026-05-25 04:59:59','2026-05-25 04:59:59'),(16,'Hồ Minh Quân','0911000114','taixe14@test.dxvq.local','taixe123','DRIVER','ACTIVE','2026-05-25 04:59:59','2026-05-25 04:59:59'),(17,'Đinh Văn Thắng','0911000115','taixe15@test.dxvq.local','taixe123','DRIVER','ACTIVE','2026-05-25 04:59:59','2026-05-25 04:59:59'),(18,'Lâm Hoàng Sơn','0911000116','taixe16@test.dxvq.local','taixe123','DRIVER','ACTIVE','2026-05-25 04:59:59','2026-05-25 04:59:59'),(19,'Phan Văn Kiệt','0911000117','taixe17@test.dxvq.local','taixe123','DRIVER','ACTIVE','2026-05-25 04:59:59','2026-05-25 04:59:59'),(20,'Vũ Minh Đạt','0911000118','taixe18@test.dxvq.local','taixe123','DRIVER','ACTIVE','2026-05-25 04:59:59','2026-05-25 04:59:59'),(21,'Tạ Văn Bình','0911000119','taixe19@test.dxvq.local','taixe123','DRIVER','ACTIVE','2026-05-25 04:59:59','2026-05-25 04:59:59'),(22,'Chu Quang Hải','0911000120','taixe20@test.dxvq.local','taixe123','DRIVER','ACTIVE','2026-05-25 04:59:59','2026-05-25 04:59:59');
/*!40000 ALTER TABLE `users` ENABLE KEYS */;
UNLOCK TABLES;

--
-- Table structure for table `vehicles`
--

DROP TABLE IF EXISTS `vehicles`;
/*!40101 SET @saved_cs_client     = @@character_set_client */;
/*!50503 SET character_set_client = utf8mb4 */;
CREATE TABLE `vehicles` (
  `id` int(11) NOT NULL AUTO_INCREMENT,
  `driver_id` int(11) NOT NULL,
  `vehicle_type` varchar(100) NOT NULL,
  `seats` int(11) NOT NULL,
  `license_plate` varchar(50) DEFAULT NULL,
  `status` varchar(100) DEFAULT 'Đang hoạt động',
  `created_at` datetime DEFAULT current_timestamp(),
  `updated_at` datetime DEFAULT current_timestamp() ON UPDATE current_timestamp(),
  PRIMARY KEY (`id`),
  KEY `driver_id` (`driver_id`),
  CONSTRAINT `vehicles_ibfk_1` FOREIGN KEY (`driver_id`) REFERENCES `drivers` (`id`)
) ENGINE=InnoDB AUTO_INCREMENT=21 DEFAULT CHARSET=utf8mb4 COLLATE=utf8mb4_unicode_ci;
/*!40101 SET character_set_client = @saved_cs_client */;

--
-- Dumping data for table `vehicles`
--

LOCK TABLES `vehicles` WRITE;
/*!40000 ALTER TABLE `vehicles` DISABLE KEYS */;
INSERT INTO `vehicles` VALUES (1,1,'Xe 7 chỗ',7,'86A-12345','Đang hoạt động','2026-05-25 11:59:42','2026-05-25 11:59:42'),(2,2,'Xe 7 chỗ',7,'68A-99185','Đang hoạt động','2026-05-25 04:59:59','2026-05-25 04:59:59'),(3,3,'Xe 7 chỗ',7,'65A-64663','Đang hoạt động','2026-05-25 04:59:59','2026-05-25 04:59:59'),(4,4,'Xe 7 chỗ',7,'73A-99039','Đang hoạt động','2026-05-25 04:59:59','2026-05-25 04:59:59'),(5,5,'Xe 16 chỗ',16,'62A-17933','Đang hoạt động','2026-05-25 04:59:59','2026-05-25 04:59:59'),(6,6,'Xe 7 chỗ',7,'80A-92229','Đang hoạt động','2026-05-25 04:59:59','2026-05-25 04:59:59'),(7,7,'Xe 7 chỗ',7,'76A-60259','Đang hoạt động','2026-05-25 04:59:59','2026-05-25 04:59:59'),(8,8,'Xe 7 chỗ',7,'73A-99414','Đang hoạt động','2026-05-25 04:59:59','2026-05-25 04:59:59'),(9,9,'Xe 16 chỗ',16,'88A-36787','Đang hoạt động','2026-05-25 04:59:59','2026-05-25 04:59:59'),(10,10,'Xe 7 chỗ',7,'84A-73896','Đang hoạt động','2026-05-25 04:59:59','2026-05-25 04:59:59'),(11,11,'Xe 7 chỗ',7,'60A-59093','Đang hoạt động','2026-05-25 04:59:59','2026-05-25 04:59:59'),(12,12,'Xe 7 chỗ',7,'52A-74155','Đang hoạt động','2026-05-25 04:59:59','2026-05-25 04:59:59'),(13,13,'Xe 16 chỗ',16,'63A-92433','Đang hoạt động','2026-05-25 04:59:59','2026-05-25 04:59:59'),(14,14,'Xe 7 chỗ',7,'79A-68314','Đang hoạt động','2026-05-25 04:59:59','2026-05-25 04:59:59'),(15,15,'Xe 7 chỗ',7,'99A-54075','Đang hoạt động','2026-05-25 04:59:59','2026-05-25 04:59:59'),(16,16,'Xe 7 chỗ',7,'73A-47593','Đang hoạt động','2026-05-25 04:59:59','2026-05-25 04:59:59'),(17,17,'Xe 16 chỗ',16,'64A-92687','Đang hoạt động','2026-05-25 04:59:59','2026-05-25 04:59:59'),(18,18,'Xe 7 chỗ',7,'84A-58345','Đang hoạt động','2026-05-25 04:59:59','2026-05-25 04:59:59'),(19,19,'Xe 7 chỗ',7,'63A-12707','Đang hoạt động','2026-05-25 04:59:59','2026-05-25 04:59:59'),(20,20,'Xe 7 chỗ',7,'76A-69564','Đang hoạt động','2026-05-25 04:59:59','2026-05-25 04:59:59');
/*!40000 ALTER TABLE `vehicles` ENABLE KEYS */;
UNLOCK TABLES;

--
-- Dumping routines for database 'dat_xe_ve_que'
--
/*!40103 SET TIME_ZONE=@OLD_TIME_ZONE */;

/*!40101 SET SQL_MODE=@OLD_SQL_MODE */;
/*!40014 SET FOREIGN_KEY_CHECKS=@OLD_FOREIGN_KEY_CHECKS */;
/*!40014 SET UNIQUE_CHECKS=@OLD_UNIQUE_CHECKS */;
/*!40101 SET CHARACTER_SET_CLIENT=@OLD_CHARACTER_SET_CLIENT */;
/*!40101 SET CHARACTER_SET_RESULTS=@OLD_CHARACTER_SET_RESULTS */;
/*!40101 SET COLLATION_CONNECTION=@OLD_COLLATION_CONNECTION */;
/*!40111 SET SQL_NOTES=@OLD_SQL_NOTES */;

-- Dump completed on 2026-05-25 12:20:48
